gene,ensg,n_directions,in_cytokine,in_polarization,in_context,in_network
ABCA3,ENSG00000167972,1,False,False,True,False
ABCC1,ENSG00000103222,1,True,False,False,False
ABHD12,ENSG00000100997,1,True,False,False,False
ABHD13,ENSG00000139826,1,False,False,True,False
ABHD6,ENSG00000163686,1,True,False,False,False
ACACA,ENSG00000278540,1,False,False,True,False
ACAD9,ENSG00000177646,1,False,False,True,False
ACLY,ENSG00000131473,2,True,False,False,True
ACSL1,ENSG00000151726,1,False,False,True,False
ACSL6,ENSG00000164398,1,True,False,False,False
ACTR2,ENSG00000138071,1,True,False,False,False
ACTR8,ENSG00000113812,1,True,False,False,False
ACYP2,ENSG00000170634,1,False,False,True,False
ADAM19,ENSG00000135074,2,True,True,False,False
ADAMTS10,ENSG00000142303,1,True,False,False,False
ADHFE1,ENSG00000147576,1,False,False,True,False
ADNP2,ENSG00000101544,1,True,False,False,False
ADRB2,ENSG00000169252,1,True,False,False,False
AEBP2,ENSG00000139154,2,True,False,True,False
AHCYL1,ENSG00000168710,1,True,False,False,False
AHR,ENSG00000106546,2,True,False,False,True
AIFM1,ENSG00000156709,1,True,False,False,False
AK3,ENSG00000147853,1,False,False,True,False
AKR1C3,ENSG00000196139,2,True,True,False,False
ALAD,ENSG00000148218,1,True,False,False,False
ALAS1,ENSG00000023330,1,False,False,True,False
ALG1,ENSG00000033011,2,False,True,True,False
ALG13,ENSG00000101901,1,True,False,False,False
ALG3,ENSG00000214160,1,False,False,True,False
ALG8,ENSG00000159063,1,True,False,False,False
ALKBH2,ENSG00000189046,2,True,False,True,False
AMBRA1,ENSG00000110497,1,False,False,True,False
ANP32B,ENSG00000136938,2,True,False,True,False
ANXA6,ENSG00000197043,1,False,False,True,False
AP1S2,ENSG00000182287,1,True,False,False,False
AP2A1,ENSG00000196961,2,True,False,True,False
APBB1,ENSG00000166313,1,True,False,False,False
APBB1IP,ENSG00000077420,1,True,False,False,False
APC,ENSG00000134982,2,True,True,False,False
APOL6,ENSG00000221963,1,False,True,False,False
ARF1,ENSG00000143761,1,False,False,False,True
ARF4,ENSG00000168374,1,False,False,True,False
ARHGAP30,ENSG00000186517,1,False,False,False,True
ARID1A,ENSG00000117713,1,True,False,False,False
ARID4B,ENSG00000054267,2,True,False,True,False
ARID5A,ENSG00000196843,1,False,True,False,False
ARIH1,ENSG00000166233,1,True,False,False,False
ARL1,ENSG00000120805,1,False,False,True,False
ARL6IP1,ENSG00000170540,1,False,False,True,False
ARMC8,ENSG00000114098,1,True,False,False,False
ARMCX3,ENSG00000102401,1,False,True,False,False
ARNT,ENSG00000143437,3,True,True,False,True
ARPC1B,ENSG00000130429,2,True,False,True,False
ARPC2,ENSG00000163466,1,True,False,False,False
ARPC3,ENSG00000111229,1,True,False,False,False
ATAD3A,ENSG00000197785,2,True,False,True,False
ATAD5,ENSG00000176208,2,True,False,False,True
ATF4,ENSG00000128272,1,True,False,False,False
ATF7IP,ENSG00000171681,1,False,False,True,False
ATF7IP2,ENSG00000166669,2,False,False,True,True
ATG14,ENSG00000126775,2,True,False,True,False
ATIC,ENSG00000138363,1,True,False,False,False
ATL2,ENSG00000119787,1,True,False,False,False
ATP1B3,ENSG00000069849,1,True,False,False,False
ATP2A2,ENSG00000174437,3,True,True,False,True
ATP2A3,ENSG00000074370,1,False,False,True,False
ATP5F1A,ENSG00000152234,2,True,True,False,False
ATP5F1E,ENSG00000124172,1,False,False,True,False
ATP5ME,ENSG00000169020,1,True,False,False,False
ATP5MF,ENSG00000241468,1,True,False,False,False
ATP5PO,ENSG00000241837,1,True,False,False,False
ATRX,ENSG00000085224,1,True,False,False,False
ATXN10,ENSG00000130638,1,True,False,False,False
ATXN7L3,ENSG00000087152,2,True,False,False,True
AUP1,ENSG00000115307,1,False,False,True,False
AVEN,ENSG00000169857,1,False,False,True,False
B3GNT2,ENSG00000170340,1,True,False,False,False
BAP1,ENSG00000163930,2,True,False,True,False
BATF,ENSG00000156127,2,True,True,False,False
BCAP29,ENSG00000075790,1,False,False,True,False
BCKDHA,ENSG00000248098,1,False,False,True,False
BCL10,ENSG00000142867,3,True,False,True,True
BCL9,ENSG00000116128,1,False,True,False,False
BHLHE40,ENSG00000134107,3,True,True,False,True
BICDL1,ENSG00000135127,1,False,False,True,False
BLOC1S2,ENSG00000196072,1,True,False,False,False
BLOC1S4,ENSG00000186222,1,False,False,True,False
BLZF1,ENSG00000117475,1,False,False,True,False
BPNT2,ENSG00000104331,1,False,False,True,False
BPTF,ENSG00000171634,1,True,False,False,False
BRAT1,ENSG00000106009,1,True,False,False,False
BRD1,ENSG00000100425,1,True,False,False,False
BRPF1,ENSG00000156983,2,True,False,False,True
BSG,ENSG00000172270,1,False,False,True,False
BTAF1,ENSG00000095564,2,True,False,False,True
BZW2,ENSG00000136261,1,False,False,True,False
C11orf54,ENSG00000182919,1,True,False,False,False
C16orf87,ENSG00000155330,1,False,False,True,False
C18orf32,ENSG00000177576,2,True,True,False,False
C1D,ENSG00000197223,1,True,False,False,False
C2CD5,ENSG00000111731,1,False,False,True,False
C4orf3,ENSG00000164096,1,False,True,False,False
C6orf120,ENSG00000185127,1,False,False,True,False
C8orf33,ENSG00000182307,1,True,False,False,False
CAAP1,ENSG00000120159,1,False,False,True,False
CABIN1,ENSG00000099991,1,False,False,True,False
CAMK1,ENSG00000134072,2,True,False,True,False
CAMSAP1,ENSG00000130559,1,True,False,False,False
CAND1,ENSG00000111530,1,True,False,False,False
CAP1,ENSG00000131236,1,True,False,False,False
CAPZA1,ENSG00000116489,1,False,False,True,False
CARD11,ENSG00000198286,1,True,False,False,False
CARD6,ENSG00000132357,1,True,False,False,False
CARMIL2,ENSG00000159753,3,True,False,True,True
CARS2,ENSG00000134905,2,True,False,True,False
CASC3,ENSG00000108349,1,True,False,False,False
CASK,ENSG00000147044,1,True,False,False,False
CBFB,ENSG00000067955,2,True,True,False,False
CBLB,ENSG00000114423,2,True,False,True,False
CBLL1,ENSG00000105879,1,True,False,False,False
CBX3,ENSG00000122565,1,False,False,True,False
CCAR1,ENSG00000060339,1,True,False,False,False
CCDC12,ENSG00000160799,2,True,False,True,False
CCDC134,ENSG00000100147,2,True,False,True,False
CCDC136,ENSG00000128596,1,False,False,True,False
CCDC22,ENSG00000101997,2,True,True,False,False
CCDC59,ENSG00000133773,1,False,False,True,False
CCDC9,ENSG00000105321,1,False,True,False,False
CCDC90B,ENSG00000137500,1,False,False,True,False
CCNC,ENSG00000112237,3,True,True,False,True
CCND3,ENSG00000112576,1,False,False,True,False
CCNQ,ENSG00000262919,1,True,False,False,False
CCNT1,ENSG00000129315,2,True,False,True,False
CCR4,ENSG00000183813,1,True,False,False,False
CCS,ENSG00000173992,1,True,False,False,False
CD2,ENSG00000116824,3,True,True,True,False
CD247,ENSG00000198821,3,True,False,True,True
CD28,ENSG00000178562,3,True,False,True,True
CD3E,ENSG00000198851,3,True,False,True,True
CD3G,ENSG00000160654,2,True,False,True,False
CD5,ENSG00000110448,1,False,False,True,False
CD7,ENSG00000173762,1,True,False,False,False
CD99L2,ENSG00000102181,1,False,False,True,False
CDC25B,ENSG00000101224,2,True,True,False,False
CDIPT,ENSG00000103502,1,False,False,True,False
CDK2,ENSG00000123374,1,False,False,True,False
CDYL,ENSG00000153046,1,False,False,True,False
CENPE,ENSG00000138778,1,False,False,True,False
CEP135,ENSG00000174799,2,True,False,True,False
CEP43,ENSG00000213066,1,True,False,False,False
CEP89,ENSG00000121289,1,False,False,True,False
CFAP20,ENSG00000070761,1,True,False,False,False
CHD4,ENSG00000111642,3,True,True,False,True
CHMP1A,ENSG00000131165,1,False,False,True,False
CHMP4A,ENSG00000254505,1,False,False,True,False
CHUK,ENSG00000213341,1,True,False,False,False
CLASRP,ENSG00000104859,1,True,False,False,False
CLCC1,ENSG00000121940,3,True,False,True,True
CLDND1,ENSG00000080822,1,False,False,True,False
CLPB,ENSG00000162129,2,True,False,True,False
CNOT11,ENSG00000158435,1,True,False,False,False
CNOT4,ENSG00000080802,1,True,False,False,False
CNOT6L,ENSG00000138767,1,False,False,True,False
COA3,ENSG00000183978,1,True,False,False,False
COA6,ENSG00000168275,1,False,False,True,False
COA7,ENSG00000162377,1,True,False,False,False
COASY,ENSG00000068120,2,True,False,True,False
COG6,ENSG00000133103,2,True,False,True,False
COLGALT1,ENSG00000130309,1,False,False,True,False
COMMD10,ENSG00000145781,1,True,False,False,False
COMMD5,ENSG00000170619,2,True,False,True,False
COMMD7,ENSG00000149600,2,True,False,True,False
COMMD8,ENSG00000169019,1,True,False,False,False
COPS8,ENSG00000198612,1,True,False,False,False
COPS9,ENSG00000172428,1,False,False,True,False
COQ2,ENSG00000173085,1,False,False,True,False
COQ6,ENSG00000119723,1,False,False,True,False
COX10,ENSG00000006695,1,True,False,False,False
COX16,ENSG00000133983,1,False,False,True,False
COX17,ENSG00000138495,1,False,False,True,False
COX18,ENSG00000163626,1,False,False,True,False
COX19,ENSG00000240230,2,True,False,True,False
COX4I1,ENSG00000131143,1,False,False,True,False
COX6C,ENSG00000164919,2,True,False,False,True
COX7C,ENSG00000127184,1,False,False,True,False
CPEB3,ENSG00000107864,1,True,False,False,False
CPSF6,ENSG00000111605,3,True,True,False,True
CREBBP,ENSG00000005339,2,True,False,False,True
CRLS1,ENSG00000088766,1,True,False,False,False
CROT,ENSG00000005469,2,True,True,False,False
CRY1,ENSG00000008405,1,False,True,False,False
CSDE1,ENSG00000009307,2,True,False,False,True
CSK,ENSG00000103653,1,False,False,True,False
CSNK2A1,ENSG00000101266,1,False,True,False,False
CTDSP2,ENSG00000175215,1,False,False,True,False
CTH,ENSG00000116761,1,False,False,True,False
CTNNB1,ENSG00000168036,1,False,False,True,False
CTPS1,ENSG00000171793,2,True,False,True,False
CTSO,ENSG00000256043,1,False,False,True,False
CTU1,ENSG00000142544,1,False,False,True,False
CUEDC2,ENSG00000107874,1,True,False,False,False
CUL3,ENSG00000036257,1,True,False,False,False
CUL4A,ENSG00000139842,1,False,False,True,False
CUL5,ENSG00000166266,1,False,False,True,False
CXXC1,ENSG00000154832,2,True,True,False,False
CYB5R4,ENSG00000065615,3,True,True,False,True
CYB5RL,ENSG00000215883,1,False,False,True,False
CYC1,ENSG00000179091,1,True,False,False,False
CYCS,ENSG00000172115,2,True,False,True,False
DAP,ENSG00000112977,1,False,False,True,False
DAPK2,ENSG00000035664,1,False,False,True,False
DARS1,ENSG00000115866,1,True,False,False,False
DCAF4,ENSG00000119599,1,False,False,True,False
DCK,ENSG00000156136,2,True,False,True,False
DCP2,ENSG00000172795,1,True,False,False,False
DDIT4,ENSG00000168209,1,False,False,True,False
DDX1,ENSG00000079785,1,True,False,False,False
DDX17,ENSG00000100201,1,True,False,False,False
DDX31,ENSG00000125485,1,False,False,True,False
DDX39B,ENSG00000198563,2,False,True,True,False
DDX42,ENSG00000198231,1,False,False,True,False
DDX6,ENSG00000110367,1,True,False,False,False
DEF6,ENSG00000023892,1,False,False,True,False
DENR,ENSG00000139726,2,True,False,False,True
DGKZ,ENSG00000149091,1,False,False,True,False
DHPS,ENSG00000095059,1,True,False,False,False
DHX30,ENSG00000132153,2,True,False,True,False
DHX36,ENSG00000174953,2,True,False,False,True
DHX9,ENSG00000135829,1,True,False,False,False
DIS3L,ENSG00000166938,2,True,False,True,False
DLAT,ENSG00000150768,2,True,False,True,False
DMAC1,ENSG00000137038,1,False,False,True,False
DMXL1,ENSG00000172869,1,False,False,True,False
DNAAF2,ENSG00000165506,2,True,False,True,False
DNAAF5,ENSG00000164818,1,False,False,True,False
DNAJC24,ENSG00000170946,1,True,False,False,False
DNTTIP1,ENSG00000101457,2,True,False,False,True
DOCK2,ENSG00000134516,1,True,False,False,False
DOHH,ENSG00000129932,2,True,False,False,True
DOLPP1,ENSG00000167130,2,True,False,False,True
DOP1B,ENSG00000142197,2,True,False,False,True
DPH1,ENSG00000108963,1,True,False,False,False
DPH5,ENSG00000117543,2,True,True,False,False
DPH6,ENSG00000134146,1,True,False,False,False
DPM2,ENSG00000136908,1,False,False,True,False
DPY19L3,ENSG00000178904,1,False,False,True,False
DR1,ENSG00000117505,1,True,False,False,False
DUSP4,ENSG00000120875,1,False,False,True,False
E2F4,ENSG00000205250,2,False,True,True,False
ECI2,ENSG00000198721,1,False,False,True,False
ECSIT,ENSG00000130159,2,True,False,True,False
EDC3,ENSG00000179151,1,False,False,True,False
EFR3A,ENSG00000132294,2,True,False,False,True
EGLN1,ENSG00000135766,1,False,False,True,False
EGR2,ENSG00000122877,2,True,False,True,False
EGR3,ENSG00000179388,1,False,False,True,False
EHBP1,ENSG00000115504,1,False,False,True,False
EHMT2,ENSG00000204371,1,True,False,False,False
EID2,ENSG00000176396,1,False,False,True,False
EIF2AK1,ENSG00000086232,1,False,False,True,False
EIF3H,ENSG00000147677,1,True,False,False,False
EIF3J,ENSG00000104131,1,True,False,False,False
EIF4A1,ENSG00000161960,1,True,False,False,False
EIF4G1,ENSG00000114867,3,True,True,False,True
EIF4G2,ENSG00000110321,2,True,False,False,True
ELAVL1,ENSG00000066044,2,True,False,False,True
ELOB,ENSG00000103363,3,True,True,False,True
ELOC,ENSG00000154582,1,False,True,False,False
ELP1,ENSG00000070061,1,True,False,False,False
ELP3,ENSG00000134014,1,True,False,False,False
ELP4,ENSG00000109911,1,False,False,True,False
ELP5,ENSG00000170291,1,True,False,False,False
ELP6,ENSG00000163832,1,False,True,False,False
EMB,ENSG00000170571,1,False,False,True,False
EMC2,ENSG00000104412,3,True,True,True,False
EMC4,ENSG00000128463,1,True,False,False,False
EMG1,ENSG00000126749,1,True,False,False,False
EML2,ENSG00000125746,1,True,False,False,False
ENO1,ENSG00000074800,2,True,False,True,False
ENTR1,ENSG00000165689,1,True,False,False,False
EPB41L3,ENSG00000082397,2,True,False,True,False
ERCC1,ENSG00000012061,1,True,False,False,False
ERCC4,ENSG00000175595,1,True,False,False,False
EXOC1,ENSG00000090989,1,True,False,False,False
FAF2,ENSG00000113194,1,True,False,False,False
FAM118A,ENSG00000100376,1,False,False,True,False
FAM118B,ENSG00000197798,1,False,False,True,False
FAM136A,ENSG00000035141,1,False,False,True,False
FAM161A,ENSG00000170264,1,False,False,True,False
FAM161B,ENSG00000156050,1,False,False,True,False
FAM174C,ENSG00000228300,1,False,True,False,False
FAM204A,ENSG00000165669,2,True,False,True,False
FAM20B,ENSG00000116199,1,True,False,False,False
FAM89B,ENSG00000176973,1,False,False,False,True
FAM98B,ENSG00000171262,1,True,False,False,False
FANCC,ENSG00000158169,1,False,False,True,False
FANCL,ENSG00000115392,2,True,False,True,False
FBRS,ENSG00000156860,1,True,False,False,False
FBXL4,ENSG00000112234,1,False,True,False,False
FBXO32,ENSG00000156804,2,True,True,False,False
FBXO42,ENSG00000037637,1,True,False,False,False
FCHO1,ENSG00000130475,1,False,False,True,False
FHIP2A,ENSG00000151553,1,True,False,False,False
FLAD1,ENSG00000160688,1,True,False,False,False
FLCN,ENSG00000154803,2,True,False,True,False
FLT3LG,ENSG00000090554,1,False,True,False,False
FMR1,ENSG00000102081,1,False,False,True,False
FN3K,ENSG00000167363,1,False,False,True,False
FNBP4,ENSG00000109920,2,True,True,False,False
FOXK1,ENSG00000164916,1,True,False,False,False
FPGS,ENSG00000136877,1,False,False,True,False
FRS3,ENSG00000137218,1,False,False,True,False
FZD6,ENSG00000164930,2,True,False,True,False
GAB2,ENSG00000033327,2,True,False,True,False
GABPB1,ENSG00000104064,2,True,False,False,True
GADD45GIP1,ENSG00000179271,1,False,False,True,False
GALNT6,ENSG00000139629,1,True,False,False,False
GANAB,ENSG00000089597,1,True,False,False,False
GARS1,ENSG00000106105,1,False,False,True,False
GAS2L1,ENSG00000185340,1,False,False,True,False
GATA3,ENSG00000107485,2,True,True,False,False
GATB,ENSG00000059691,1,False,False,True,False
GCN1,ENSG00000089154,1,True,False,False,False
GDAP2,ENSG00000196505,1,True,False,False,False
GEMIN7,ENSG00000142252,1,False,False,True,False
GET1,ENSG00000182093,2,True,False,True,False
GET3,ENSG00000198356,1,True,False,False,False
GFM1,ENSG00000168827,1,True,False,False,False
GJC1,ENSG00000182963,2,True,False,True,False
GNE,ENSG00000159921,2,True,False,True,False
GNG5,ENSG00000174021,2,True,False,True,False
GNPAT,ENSG00000116906,3,True,True,True,False
GNPNAT1,ENSG00000100522,2,True,False,True,False
GOLT1B,ENSG00000111711,2,True,False,True,False
GOPC,ENSG00000047932,1,False,True,False,False
GPALPP1,ENSG00000133114,1,True,False,False,False
GPD1L,ENSG00000152642,1,True,False,False,False
GPI,ENSG00000105220,2,True,False,False,True
GPR146,ENSG00000164849,1,False,False,True,False
GPR15,ENSG00000154165,1,False,False,True,False
GPR183,ENSG00000169508,1,True,False,False,False
GPT2,ENSG00000166123,2,True,False,True,False
GRK6,ENSG00000198055,1,False,False,True,False
GRSF1,ENSG00000132463,2,False,False,True,True
GSS,ENSG00000100983,2,True,True,False,False
GTF2H5,ENSG00000272047,2,True,False,True,False
GTF3C5,ENSG00000148308,2,True,False,True,False
GTF3C6,ENSG00000155115,3,True,True,True,False
GTPBP10,ENSG00000105793,1,False,False,True,False
HACD2,ENSG00000206527,1,False,False,True,False
HAPSTR1,ENSG00000182831,1,True,False,False,False
HAX1,ENSG00000143575,1,False,False,True,False
HCCS,ENSG00000004961,2,True,True,False,False
HDAC2,ENSG00000196591,1,False,True,False,False
HDAC3,ENSG00000171720,1,False,False,True,False
HDAC7,ENSG00000061273,1,True,False,False,False
HDGFL3,ENSG00000166503,1,True,False,False,False
HEATR3,ENSG00000155393,2,True,False,True,False
HERC4,ENSG00000148634,1,True,False,False,False
HEXIM1,ENSG00000186834,3,True,True,True,False
HIF1A,ENSG00000100644,1,False,False,True,False
HK2,ENSG00000159399,1,False,False,True,False
HMBS,ENSG00000256269,2,True,False,True,False
HMGB3,ENSG00000029993,1,False,False,True,False
HMGXB3,ENSG00000113716,2,True,False,True,False
HMGXB4,ENSG00000100281,1,True,False,False,False
HNRNPA2B1,ENSG00000122566,1,True,False,False,False
HNRNPDL,ENSG00000152795,1,False,False,True,False
HNRNPM,ENSG00000099783,2,False,True,True,False
HRAS,ENSG00000174775,1,False,False,True,False
HS3ST3B1,ENSG00000125430,1,False,False,True,False
HSD17B12,ENSG00000149084,1,False,False,True,False
HSP90B1,ENSG00000166598,1,False,False,True,False
HTT,ENSG00000197386,1,False,False,True,False
IBA57,ENSG00000181873,2,True,True,False,False
ICE2,ENSG00000128915,1,False,False,True,False
ICMT,ENSG00000116237,1,False,False,True,False
ID2,ENSG00000115738,1,True,False,False,False
IDH3A,ENSG00000166411,1,False,False,True,False
IFI30,ENSG00000216490,1,False,True,False,False
IFNGR1,ENSG00000027697,2,False,True,True,False
IFNGR2,ENSG00000159128,1,False,False,True,False
IFT172,ENSG00000138002,1,False,False,True,False
IKBKB,ENSG00000104365,1,False,False,True,False
IL12RB2,ENSG00000081985,1,True,False,False,False
IL2,ENSG00000109471,1,True,False,False,False
IL21,ENSG00000138684,1,False,False,True,False
IL21R,ENSG00000103522,1,False,False,True,False
IL2RA,ENSG00000134460,2,True,True,False,False
IL2RB,ENSG00000100385,3,True,True,True,False
IL4I1,ENSG00000104951,1,False,False,True,False
IL4R,ENSG00000077238,3,True,True,True,False
IL7R,ENSG00000168685,2,True,False,True,False
IMMT,ENSG00000132305,1,True,False,False,False
IMPDH2,ENSG00000178035,2,True,True,False,False
ING3,ENSG00000071243,1,False,False,True,False
ING5,ENSG00000168395,1,True,False,False,False
INO80,ENSG00000128908,1,True,False,False,False
INO80B,ENSG00000115274,2,True,True,False,False
INPP5D,ENSG00000168918,3,True,True,True,False
INSIG1,ENSG00000186480,1,False,False,True,False
INTS10,ENSG00000104613,2,True,False,False,True
INTS14,ENSG00000138614,2,True,True,False,False
INTS15,ENSG00000146576,2,True,False,True,False
IQCG,ENSG00000114473,1,True,False,False,False
IRF2BP1,ENSG00000170604,2,True,True,False,False
IRF8,ENSG00000140968,2,True,False,True,False
IST1,ENSG00000182149,2,True,True,False,False
ITGB2,ENSG00000160255,1,True,False,False,False
ITK,ENSG00000113263,3,True,False,True,True
ITPR1,ENSG00000150995,1,False,False,True,False
ITSN1,ENSG00000205726,1,False,False,True,False
IWS1,ENSG00000163166,1,True,False,False,False
JOSD2,ENSG00000161677,1,False,False,True,False
JTB,ENSG00000143543,1,False,False,True,False
JUNB,ENSG00000171223,2,True,True,False,False
JUND,ENSG00000130522,1,True,False,False,False
KAT2B,ENSG00000114166,1,True,False,False,False
KAT7,ENSG00000136504,1,False,False,True,False
KATNIP,ENSG00000047578,1,False,False,True,False
KBTBD2,ENSG00000170852,1,True,False,False,False
KDM1A,ENSG00000004487,3,True,True,False,True
KDM3B,ENSG00000120733,1,True,False,False,False
KDM4A,ENSG00000066135,1,True,False,False,False
KDM8,ENSG00000155666,2,True,False,True,False
KHDRBS1,ENSG00000121774,1,True,False,False,False
KIDINS220,ENSG00000134313,1,False,False,True,False
KIF14,ENSG00000118193,1,False,False,True,False
KIF16B,ENSG00000089177,1,False,False,True,False
KIF5C,ENSG00000168280,1,False,False,True,False
KLF10,ENSG00000155090,1,True,False,False,False
KMT2E,ENSG00000005483,2,True,True,False,False
KMT5B,ENSG00000110066,1,True,False,False,False
KPNA4,ENSG00000186432,1,False,False,True,False
KRBA2,ENSG00000184619,1,True,False,False,False
KRCC1,ENSG00000172086,1,False,False,True,False
KRR1,ENSG00000111615,1,True,False,False,False
KTI12,ENSG00000198841,1,True,False,False,False
KTN1,ENSG00000126777,2,True,False,True,False
LAIR2,ENSG00000167618,1,False,False,True,False
LAMP1,ENSG00000185896,1,False,True,False,False
LAMTOR4,ENSG00000188186,1,True,False,False,False
LAMTOR5,ENSG00000134248,1,False,False,True,False
LARP4,ENSG00000161813,1,False,False,True,False
LAT,ENSG00000213658,4,True,True,True,True
LAT2,ENSG00000086730,1,False,False,True,False
LBH,ENSG00000213626,2,True,False,True,False
LCK,ENSG00000182866,2,True,False,False,True
LEO1,ENSG00000166477,3,True,True,False,True
LETM1,ENSG00000168924,1,True,False,False,False
LETM2,ENSG00000165046,2,True,False,True,False
LIG1,ENSG00000105486,1,True,False,False,False
LIG3,ENSG00000005156,2,True,False,True,False
LIG4,ENSG00000174405,1,False,False,True,False
LIN7C,ENSG00000148943,2,True,True,False,False
LMAN1,ENSG00000074695,1,False,False,True,False
LMBR1L,ENSG00000139636,1,True,False,False,False
LMTK2,ENSG00000164715,2,True,True,False,False
LRIG1,ENSG00000144749,1,False,False,True,False
LRP5,ENSG00000162337,1,False,False,True,False
LRPPRC,ENSG00000138095,2,True,False,False,True
LRRC58,ENSG00000163428,1,True,False,False,False
LRRC8B,ENSG00000197147,1,False,False,True,False
LSM10,ENSG00000181817,1,False,False,True,False
LSM11,ENSG00000155858,1,False,False,True,False
LSM12,ENSG00000161654,1,False,False,True,False
LSM14A,ENSG00000257103,1,True,False,False,False
LSS,ENSG00000160285,1,False,False,True,False
MAD2L1BP,ENSG00000124688,1,True,False,False,False
MAEA,ENSG00000090316,3,True,True,False,True
MAF,ENSG00000178573,1,False,False,True,False
MALT1,ENSG00000172175,3,True,False,True,True
MAMLD1,ENSG00000013619,1,False,True,False,False
MAP3K1,ENSG00000095015,1,False,False,True,False
MAPKAP1,ENSG00000119487,1,True,False,False,False
MAU2,ENSG00000129933,1,False,False,True,False
MAX,ENSG00000125952,2,True,False,False,True
MBD2,ENSG00000134046,1,True,False,False,False
MBD3,ENSG00000071655,1,True,False,False,False
MBTPS1,ENSG00000140943,1,True,False,False,False
MCM8,ENSG00000125885,1,True,False,False,False
MCTS1,ENSG00000232119,1,True,False,False,False
MCUR1,ENSG00000050393,1,False,False,True,False
MDM4,ENSG00000198625,1,True,False,False,False
ME3,ENSG00000151376,2,True,False,True,False
MEAF6,ENSG00000163875,1,True,False,False,False
MED1,ENSG00000125686,2,True,False,True,False
MED12,ENSG00000184634,3,True,True,False,True
MED13,ENSG00000108510,1,True,False,False,False
MED15,ENSG00000099917,2,True,False,False,True
MED23,ENSG00000112282,1,True,False,False,False
MED24,ENSG00000008838,3,True,True,False,True
MEN1,ENSG00000133895,3,True,True,False,True
MEST,ENSG00000106484,2,True,False,True,False
METAP2,ENSG00000111142,1,True,False,False,False
METTL1,ENSG00000037897,2,True,True,False,False
METTL17,ENSG00000165792,1,False,False,True,False
METTL3,ENSG00000165819,1,False,False,True,False
MFSD6,ENSG00000151690,2,True,False,True,False
MIA2,ENSG00000150527,2,True,False,False,True
MICOS13,ENSG00000174917,1,False,False,True,False
MIGA2,ENSG00000148343,1,False,False,True,False
MIOS,ENSG00000164654,1,True,False,False,False
MIPEP,ENSG00000027001,2,True,False,False,True
MITD1,ENSG00000158411,1,False,False,True,False
MKNK2,ENSG00000099875,1,True,False,False,False
MLKL,ENSG00000168404,1,False,False,True,False
MLLT3,ENSG00000171843,1,False,False,True,False
MLST8,ENSG00000167965,1,True,False,False,False
MMAB,ENSG00000139428,1,True,False,False,False
MMGT1,ENSG00000169446,2,True,False,True,False
MORF4L1,ENSG00000185787,1,False,False,True,False
MOV10,ENSG00000155363,1,True,False,False,False
MPG,ENSG00000103152,2,True,False,True,False
MPI,ENSG00000178802,2,True,False,False,True
MSH2,ENSG00000095002,1,True,False,False,False
MTA2,ENSG00000149480,3,True,True,False,True
MTCH2,ENSG00000109919,2,True,False,True,False
MTERF2,ENSG00000120832,1,False,True,False,False
MTG1,ENSG00000148824,3,True,False,True,True
MTHFD1,ENSG00000100714,1,True,False,False,False
MTHFD1L,ENSG00000120254,1,False,False,True,False
MTHFD2,ENSG00000065911,1,False,False,True,False
MTIF2,ENSG00000085760,1,False,False,True,False
MTMR10,ENSG00000166912,1,False,False,True,False
MTPAP,ENSG00000107951,2,True,False,True,False
MTX2,ENSG00000128654,2,False,True,True,False
MUC1,ENSG00000185499,1,True,False,False,False
MYB,ENSG00000118513,1,True,False,False,False
MYC,ENSG00000136997,2,True,False,True,False
MYH9,ENSG00000100345,1,True,False,False,False
N6AMT1,ENSG00000156239,2,True,False,True,False
NAA20,ENSG00000173418,1,True,False,False,False
NAA25,ENSG00000111300,1,False,False,True,False
NAA30,ENSG00000139977,2,True,False,False,True
NAA40,ENSG00000110583,1,True,False,False,False
NAB2,ENSG00000166886,2,False,True,True,False
NADK2,ENSG00000152620,1,False,False,True,False
NAF1,ENSG00000145414,2,True,False,True,False
NARS2,ENSG00000137513,1,False,False,True,False
NATD1,ENSG00000274180,1,False,False,True,False
NCAPD3,ENSG00000151503,1,False,False,True,False
NCAPG2,ENSG00000146918,2,True,False,False,True
NCBP3,ENSG00000074356,1,True,False,False,False
NCKAP1L,ENSG00000123338,2,True,False,False,True
NCOA5,ENSG00000124160,1,False,True,False,False
NCOA6,ENSG00000198646,1,True,False,False,False
NCR3,ENSG00000204475,1,False,False,True,False
NDFIP2,ENSG00000102471,2,True,False,True,False
NDRG1,ENSG00000104419,2,True,False,True,False
NDUFA3,ENSG00000170906,1,False,False,True,False
NDUFA6,ENSG00000184983,1,False,False,True,False
NDUFA9,ENSG00000139180,2,True,False,True,False
NDUFAF3,ENSG00000178057,3,True,False,True,True
NDUFAF5,ENSG00000101247,1,False,False,True,False
NDUFAF6,ENSG00000156170,1,False,False,True,False
NDUFB2,ENSG00000090266,1,False,False,True,False
NDUFB3,ENSG00000119013,1,True,False,False,False
NDUFB4,ENSG00000065518,1,False,False,True,False
NDUFB6,ENSG00000165264,1,False,False,True,False
NDUFB7,ENSG00000099795,1,False,False,True,False
NDUFC1,ENSG00000109390,1,False,False,True,False
NDUFS5,ENSG00000168653,1,False,False,True,False
NDUFS7,ENSG00000115286,1,False,False,True,False
NDUFS8,ENSG00000110717,1,True,False,False,False
NEIL1,ENSG00000140398,1,False,False,True,False
NEK3,ENSG00000136098,1,False,False,True,False
NEK7,ENSG00000151414,1,False,True,False,False
NELFCD,ENSG00000101158,1,True,False,False,False
NFAT5,ENSG00000102908,1,False,False,False,True
NFATC2,ENSG00000101096,1,False,False,True,False
NFKB1,ENSG00000109320,2,True,True,False,False
NFKB2,ENSG00000077150,2,True,True,False,False
NFKBIL1,ENSG00000204498,1,False,False,True,False
NFRKB,ENSG00000170322,2,True,False,False,True
NFU1,ENSG00000169599,1,False,False,True,False
NGLY1,ENSG00000151092,1,False,False,True,False
NGRN,ENSG00000182768,1,False,False,True,False
NIPBL,ENSG00000164190,1,True,False,False,False
NIPSNAP3A,ENSG00000136783,1,False,False,True,False
NKAPD1,ENSG00000150776,1,True,False,False,False
NLGN2,ENSG00000169992,1,False,False,True,False
NOL7,ENSG00000225921,1,False,False,True,False
NR4A3,ENSG00000119508,1,False,False,True,False
NRAS,ENSG00000213281,1,False,False,True,False
NRBP1,ENSG00000115216,2,True,True,False,False
NSD1,ENSG00000165671,3,True,True,False,True
NSD2,ENSG00000109685,1,True,False,False,False
NSUN6,ENSG00000241058,1,False,False,True,False
NUBPL,ENSG00000151413,1,False,False,True,False
NUP188,ENSG00000095319,1,False,False,True,False
NXT1,ENSG00000132661,2,True,False,True,False
OAZ3,ENSG00000143450,1,False,False,True,False
OGT,ENSG00000147162,1,False,False,True,False
ORAI1,ENSG00000276045,2,True,False,True,False
OST4,ENSG00000228474,1,False,False,True,False
OTUD1,ENSG00000165312,1,True,False,False,False
OXA1L,ENSG00000155463,2,True,False,False,True
OXSR1,ENSG00000172939,1,True,False,False,False
PACS2,ENSG00000179364,1,False,False,True,False
PAICS,ENSG00000128050,1,False,False,True,False
PAK2,ENSG00000180370,1,True,False,False,False
PANK1,ENSG00000152782,1,True,False,False,False
PAPOLA,ENSG00000090060,1,False,False,True,False
PARK7,ENSG00000116288,1,False,False,True,False
PARL,ENSG00000175193,1,False,False,True,False
PARP2,ENSG00000129484,2,True,False,True,False
PARS2,ENSG00000162396,1,True,False,False,False
PAXIP1,ENSG00000157212,1,True,False,False,False
PCBP1,ENSG00000169564,1,True,False,False,False
PCBP2,ENSG00000197111,1,True,False,False,False
PCBP4,ENSG00000090097,1,True,False,False,False
PCGF1,ENSG00000115289,2,True,True,False,False
PCGF3,ENSG00000185619,1,False,False,True,False
PCYT2,ENSG00000185813,1,True,False,False,False
PDCD2,ENSG00000071994,1,False,False,True,False
PDCD2L,ENSG00000126249,1,True,False,False,False
PDCD5,ENSG00000105185,1,False,False,True,False
PDCL,ENSG00000136940,3,True,True,False,True
PDHA1,ENSG00000131828,2,True,False,True,False
PDHB,ENSG00000168291,1,False,False,True,False
PDK3,ENSG00000067992,1,True,False,False,False
PDLIM2,ENSG00000120913,1,False,False,True,False
PDPK1,ENSG00000140992,1,True,False,False,False
PDSS2,ENSG00000164494,2,True,False,False,True
PEX5,ENSG00000139197,1,False,False,True,False
PFAS,ENSG00000178921,1,True,False,False,False
PFDN4,ENSG00000101132,1,False,False,True,False
PFDN6,ENSG00000204220,1,False,False,True,False
PFKM,ENSG00000152556,1,True,False,False,False
PGAM1,ENSG00000171314,1,True,False,False,False
PGAP2,ENSG00000148985,2,True,False,True,False
PGGT1B,ENSG00000164219,3,True,False,True,True
PGK1,ENSG00000102144,1,True,False,False,False
PGP,ENSG00000184207,1,False,False,True,False
PGS1,ENSG00000087157,1,True,False,False,False
PHF12,ENSG00000109118,1,True,False,False,False
PHF20,ENSG00000025293,1,False,False,True,False
PHF20L1,ENSG00000129292,1,False,False,True,False
PHF3,ENSG00000118482,1,True,False,False,False
PHF6,ENSG00000156531,1,False,False,True,False
PHF8,ENSG00000172943,1,True,False,False,False
PHIP,ENSG00000146247,2,True,False,True,False
PIGK,ENSG00000142892,1,False,True,False,False
PIK3R4,ENSG00000196455,1,True,False,False,False
PITRM1,ENSG00000107959,2,True,False,True,False
PKM,ENSG00000067225,2,True,False,False,True
PKN3,ENSG00000160447,1,False,False,True,False
PLCG1,ENSG00000124181,4,True,True,True,True
PLXNA4,ENSG00000221866,1,True,False,False,False
PMPCB,ENSG00000105819,1,False,False,True,False
PMVK,ENSG00000163344,2,True,False,False,True
PNPT1,ENSG00000138035,1,True,False,False,False
POGZ,ENSG00000143442,1,False,False,True,False
POLDIP3,ENSG00000100227,1,False,False,True,False
POLG,ENSG00000140521,3,True,True,False,True
POLG2,ENSG00000256525,1,True,False,False,False
POLR2K,ENSG00000147669,1,False,False,True,False
POLR3H,ENSG00000100413,1,False,False,True,False
POLRMT,ENSG00000099821,2,True,False,True,False
PPAT,ENSG00000128059,1,False,False,True,False
PPCDC,ENSG00000138621,2,True,False,True,False
PPCS,ENSG00000127125,2,True,True,False,False
PPIH,ENSG00000171960,1,True,False,False,False
PPM1D,ENSG00000170836,1,True,False,False,False
PPM1G,ENSG00000115241,1,False,True,False,False
PPP1R11,ENSG00000204619,1,True,False,False,False
PPP1R12A,ENSG00000058272,1,True,False,False,False
PPP1R14B,ENSG00000173457,2,True,False,True,False
PPP1R15B,ENSG00000158615,1,True,False,False,False
PPP1R3F,ENSG00000049769,1,False,True,False,False
PPP2R2A,ENSG00000221914,1,True,False,False,False
PPP3R1,ENSG00000221823,2,True,False,True,False
PPP4C,ENSG00000149923,2,True,True,False,False
PPP6C,ENSG00000119414,1,True,False,False,False
PPRC1,ENSG00000148840,1,True,False,False,False
PQBP1,ENSG00000102103,1,False,False,True,False
PRDM15,ENSG00000141956,1,False,False,True,False
PREP,ENSG00000085377,1,True,False,False,False
PRIMPOL,ENSG00000164306,1,True,False,False,False
PRKAR1A,ENSG00000108946,2,True,True,False,False
PRKCQ,ENSG00000065675,1,False,False,True,False
PRKD2,ENSG00000105287,1,False,False,True,False
PRORP,ENSG00000100890,1,False,False,True,False
PRPF38B,ENSG00000134186,1,False,False,True,False
PRPF39,ENSG00000185246,1,True,False,False,False
PRR7,ENSG00000131188,1,False,True,False,False
PRRC2A,ENSG00000204469,1,True,False,False,False
PSIP1,ENSG00000164985,1,True,False,False,False
PTBP1,ENSG00000011304,1,True,False,False,False
PTCD2,ENSG00000049883,1,True,False,False,False
PTDSS1,ENSG00000156471,1,False,False,True,False
PTEN,ENSG00000171862,2,True,False,False,True
PTPA,ENSG00000119383,1,False,False,True,False
PTPN2,ENSG00000175354,2,True,True,False,False
PTPN7,ENSG00000143851,1,True,False,False,False
PTPRA,ENSG00000132670,1,False,True,False,False
PTPRC,ENSG00000081237,2,True,False,False,True
PUS7,ENSG00000091127,1,False,True,False,False
PXMP4,ENSG00000101417,1,True,False,False,False
QRSL1,ENSG00000130348,2,True,False,True,False
RAB10,ENSG00000084733,1,True,False,False,False
RAB11FIP1,ENSG00000156675,2,True,False,True,False
RAB1A,ENSG00000138069,1,False,False,True,False
RAB21,ENSG00000080371,1,False,False,True,False
RAB27B,ENSG00000041353,1,False,False,True,False
RAD21,ENSG00000164754,1,True,False,False,False
RAD51B,ENSG00000182185,1,True,False,False,False
RAP1A,ENSG00000116473,1,True,False,False,False
RAP2A,ENSG00000125249,2,True,False,True,False
RASA2,ENSG00000155903,1,True,False,False,False
RASAL3,ENSG00000105122,1,True,False,False,False
RASGRP1,ENSG00000172575,1,True,False,False,False
RB1CC1,ENSG00000023287,2,True,False,True,False
RBCK1,ENSG00000125826,2,True,False,True,False
RBFA,ENSG00000101546,2,True,False,True,False
RBM15,ENSG00000162775,1,False,False,True,False
RBM26,ENSG00000139746,1,True,False,False,False
RBM27,ENSG00000091009,1,True,False,False,False
RBM33,ENSG00000184863,1,True,False,False,False
RCBTB1,ENSG00000136144,1,True,False,False,False
RCC1L,ENSG00000274523,1,False,False,True,False
REL,ENSG00000162924,1,False,False,True,False
RELA,ENSG00000173039,1,False,False,True,False
RESF1,ENSG00000174718,1,True,False,False,False
RFT1,ENSG00000163933,2,True,False,True,False
RHOF,ENSG00000139725,1,True,False,False,False
RIC8B,ENSG00000111785,1,False,False,True,False
RICTOR,ENSG00000164327,2,True,True,False,False
RIDA,ENSG00000132541,1,True,False,False,False
RIPK1,ENSG00000137275,1,True,False,False,False
RMDN3,ENSG00000137824,1,True,False,False,False
RNASEH2A,ENSG00000104889,2,True,False,True,False
RNF115,ENSG00000265491,1,True,False,False,False
RNF139,ENSG00000170881,1,True,False,False,False
RNF145,ENSG00000145860,1,False,False,True,False
RNF20,ENSG00000155827,3,True,True,True,False
RNFT1,ENSG00000189050,1,False,False,True,False
RNFT2,ENSG00000135119,2,True,False,True,False
ROBO3,ENSG00000154134,1,False,False,True,False
RP9,ENSG00000164610,1,False,False,True,False
RPE,ENSG00000197713,1,False,False,True,False
RPN1,ENSG00000163902,1,False,False,True,False
RPRD2,ENSG00000163125,2,True,False,False,True
RPTOR,ENSG00000141564,1,True,False,False,False
RPUSD3,ENSG00000156990,1,False,False,True,False
RRAGC,ENSG00000116954,1,True,False,False,False
RRM2B,ENSG00000048392,1,False,False,True,False
RSBN1L,ENSG00000187257,1,False,False,True,False
RTRAF,ENSG00000087302,2,True,False,False,True
RTTN,ENSG00000176225,1,True,False,False,False
RUNX2,ENSG00000124813,1,True,False,False,False
RWDD2B,ENSG00000156253,1,False,False,True,False
SAP130,ENSG00000136715,1,True,False,False,False
SARS2,ENSG00000104835,1,True,False,False,False
SBNO1,ENSG00000139697,1,True,False,False,False
SCAF4,ENSG00000156304,2,True,True,False,False
SCAP,ENSG00000114650,1,False,False,True,False
SCD,ENSG00000099194,1,False,False,True,False
SDHAF4,ENSG00000154079,1,False,False,True,False
SEC14L1,ENSG00000129657,2,True,False,True,False
SEC14L2,ENSG00000100003,1,True,False,False,False
SEC23A,ENSG00000100934,2,True,True,False,False
SEC24A,ENSG00000113615,1,False,False,True,False
SEC24C,ENSG00000176986,1,False,False,True,False
SEC31A,ENSG00000138674,1,False,False,True,False
SEL1L,ENSG00000071537,3,True,True,False,True
SENP5,ENSG00000119231,4,True,True,True,True
SEPSECS,ENSG00000109618,1,True,False,False,False
SEPTIN7,ENSG00000122545,1,False,False,True,False
SERF2,ENSG00000140264,1,True,False,False,False
SERGEF,ENSG00000129158,1,False,False,True,False
SET,ENSG00000119335,1,False,False,True,False
SETD1B,ENSG00000139718,1,True,False,False,False
SETD7,ENSG00000145391,1,False,False,True,False
SETDB1,ENSG00000143379,1,False,False,False,True
SFXN1,ENSG00000164466,1,False,True,False,False
SGF29,ENSG00000176476,3,True,True,False,True
SHMT2,ENSG00000182199,1,False,False,True,False
SHQ1,ENSG00000144736,1,True,False,False,False
SIK3,ENSG00000160584,3,True,True,False,True
SIN3B,ENSG00000127511,2,True,False,False,True
SINHCAF,ENSG00000139146,1,False,False,True,False
SIRT3,ENSG00000142082,1,True,False,False,False
SIRT7,ENSG00000187531,1,False,True,False,False
SKA2,ENSG00000182628,1,False,False,True,False
SKA3,ENSG00000165480,1,False,False,True,False
SKIC8,ENSG00000140395,3,True,True,False,True
SLC16A1,ENSG00000155380,1,False,False,True,False
SLC25A1,ENSG00000100075,1,False,False,True,False
SLC25A28,ENSG00000155287,1,False,False,True,False
SLC25A32,ENSG00000164933,1,False,False,True,False
SLC25A51,ENSG00000122696,1,True,False,False,False
SLC35B1,ENSG00000121073,2,True,False,False,True
SLC39A13,ENSG00000165915,1,False,False,True,False
SLC5A3,ENSG00000198743,1,False,False,True,False
SLF1,ENSG00000133302,1,False,False,True,False
SLK,ENSG00000065613,1,True,False,False,False
SMAD4,ENSG00000141646,1,True,False,False,False
SMAGP,ENSG00000170545,1,False,True,False,False
SMARCA4,ENSG00000127616,1,True,False,False,False
SMARCA5,ENSG00000153147,2,True,False,False,True
SMARCB1,ENSG00000099956,3,True,True,False,True
SMARCC1,ENSG00000173473,1,True,False,False,False
SMARCD1,ENSG00000066117,1,True,False,False,False
SMARCE1,ENSG00000073584,3,True,True,False,True
SMG1,ENSG00000157106,2,True,False,False,True
SMG7,ENSG00000116698,2,True,False,False,True
SMG9,ENSG00000105771,2,True,True,False,False
SMIM29,ENSG00000186577,1,True,False,False,False
SMIM7,ENSG00000214046,1,False,False,True,False
SMPD1,ENSG00000166311,2,False,True,True,False
SMS,ENSG00000102172,1,True,False,False,False
SNAP23,ENSG00000092531,1,False,True,False,False
SND1,ENSG00000197157,2,True,False,True,False
SNRPB2,ENSG00000125870,1,True,False,False,False
SNTB1,ENSG00000172164,1,True,False,False,False
SNU13,ENSG00000100138,1,False,False,True,False
SNUPN,ENSG00000169371,1,False,False,True,False
SOCS3,ENSG00000184557,1,True,False,False,False
SOD2,ENSG00000291237,1,False,False,True,False
SP100,ENSG00000067066,1,False,False,True,False
SP2,ENSG00000167182,1,False,False,False,True
SP3,ENSG00000172845,1,False,False,True,False
SPAG7,ENSG00000091640,2,True,False,True,False
SPOP,ENSG00000121067,1,True,False,False,False
SPTLC2,ENSG00000100596,1,False,True,False,False
SRA1,ENSG00000213523,1,False,False,True,False
SREBF2,ENSG00000198911,1,False,False,True,False
SRM,ENSG00000116649,1,False,False,True,False
SRP9,ENSG00000143742,2,True,False,True,False
SRR,ENSG00000167720,1,True,False,False,False
SRSF10,ENSG00000188529,1,True,False,False,False
SRSF11,ENSG00000116754,1,False,False,True,False
SRSF6,ENSG00000124193,1,False,False,True,False
SS18L2,ENSG00000008324,1,False,False,True,False
SSR3,ENSG00000114850,1,True,False,False,False
STARD10,ENSG00000214530,1,False,False,True,False
STARD7,ENSG00000084090,1,False,False,True,False
STAT1,ENSG00000115415,1,False,True,False,False
STAT3,ENSG00000168610,2,True,False,False,True
STAT4,ENSG00000138378,1,False,True,False,False
STAT5A,ENSG00000126561,2,True,False,True,False
STAT5B,ENSG00000173757,2,True,True,False,False
STAT6,ENSG00000166888,3,True,True,True,False
STIM1,ENSG00000167323,1,False,False,True,False
STIP1,ENSG00000168439,2,True,False,False,True
STK11,ENSG00000118046,2,True,True,False,False
STOM,ENSG00000148175,1,False,False,True,False
STRAP,ENSG00000023734,2,True,False,False,True
STX8,ENSG00000170310,1,True,False,False,False
SUCLG1,ENSG00000163541,1,False,False,True,False
SUPT20H,ENSG00000102710,3,True,True,False,True
SUPV3L1,ENSG00000156502,1,True,False,False,False
SYVN1,ENSG00000162298,1,False,False,True,False
SZRD1,ENSG00000055070,1,True,False,False,False
TADA1,ENSG00000152382,3,True,True,False,True
TADA2A,ENSG00000276234,1,False,False,True,False
TADA2B,ENSG00000173011,3,True,False,True,True
TAF13,ENSG00000197780,2,True,False,False,True
TAF6L,ENSG00000162227,3,True,True,False,True
TANK,ENSG00000136560,1,True,False,False,False
TARS2,ENSG00000143374,1,False,False,False,True
TBL1X,ENSG00000101849,1,False,False,True,False
TBX21,ENSG00000073861,2,True,True,False,False
TEFM,ENSG00000172171,1,False,False,True,False
TEP1,ENSG00000129566,1,True,False,False,False
TESC,ENSG00000088992,1,False,True,False,False
TESK2,ENSG00000070759,1,True,False,False,False
TESPA1,ENSG00000135426,1,False,False,True,False
TFAM,ENSG00000108064,2,True,False,False,True
TFAP4,ENSG00000090447,2,True,True,False,False
TFB1M,ENSG00000029639,2,True,False,True,False
TFG,ENSG00000114354,2,True,False,True,False
TGFBRAP1,ENSG00000135966,1,False,False,True,False
TGIF2,ENSG00000118707,1,False,False,True,False
THAP11,ENSG00000168286,2,True,False,False,True
THG1L,ENSG00000113272,1,False,False,True,False
TIAL1,ENSG00000151923,1,True,False,False,False
TIMM10,ENSG00000134809,2,True,False,True,False
TIMM50,ENSG00000105197,1,True,False,False,False
TIMM8A,ENSG00000126953,1,True,False,False,False
TIMM8B,ENSG00000150779,1,True,False,False,False
TIMMDC1,ENSG00000113845,1,False,False,True,False
TIMP1,ENSG00000102265,2,True,False,True,False
TIPRL,ENSG00000143155,1,True,False,False,False
TMED10,ENSG00000170348,1,True,False,False,False
TMED9,ENSG00000184840,2,True,False,False,True
TMEM126B,ENSG00000171204,1,True,False,False,False
TMEM167A,ENSG00000174695,1,False,False,True,False
TMEM205,ENSG00000105518,1,True,False,False,False
TMEM234,ENSG00000160055,2,True,False,True,False
TMEM263,ENSG00000151135,1,False,False,True,False
TMEM30A,ENSG00000112697,1,True,False,False,False
TMEM33,ENSG00000109133,1,False,False,True,False
TMEM44,ENSG00000145014,1,False,False,True,False
TMEM87B,ENSG00000153214,1,True,False,False,False
TMX1,ENSG00000139921,3,True,False,True,True
TMX2,ENSG00000213593,1,True,False,False,False
TNFRSF18,ENSG00000186891,1,False,True,False,False
TNFSF10,ENSG00000121858,1,False,True,False,False
TNKS1BP1,ENSG00000149115,1,False,False,True,False
TNPO1,ENSG00000083312,3,True,True,False,True
TNRC6A,ENSG00000090905,2,True,False,False,True
TOMM70,ENSG00000154174,3,True,True,True,False
TOR1A,ENSG00000136827,2,True,True,False,False
TP53RK,ENSG00000172315,1,False,False,True,False
TPST2,ENSG00000128294,2,True,False,True,False
TRADD,ENSG00000102871,1,False,False,True,False
TRAF3,ENSG00000131323,2,True,False,False,True
TRAF6,ENSG00000175104,2,True,False,True,False
TRAPPC13,ENSG00000113597,1,False,False,True,False
TRIP12,ENSG00000153827,3,True,False,True,True
TRMT10C,ENSG00000174173,1,False,False,True,False
TRRAP,ENSG00000196367,1,True,False,False,False
TSC1,ENSG00000165699,2,True,False,False,True
TSFM,ENSG00000123297,1,False,False,True,False
TSTD2,ENSG00000136925,1,True,False,False,False
TTC17,ENSG00000052841,1,False,True,False,False
TTC4,ENSG00000243725,1,True,False,False,False
TTC7A,ENSG00000068724,1,False,False,True,False
TTYH3,ENSG00000136295,1,False,False,True,False
TUFM,ENSG00000178952,1,True,False,False,False
TWNK,ENSG00000107815,1,True,False,False,False
TXNDC11,ENSG00000153066,1,False,True,False,False
TXNDC5,ENSG00000239264,1,False,True,False,False
UBC,ENSG00000150991,1,True,False,False,False
UBE2E1,ENSG00000170142,1,True,False,False,False
UBE2F,ENSG00000184182,2,True,False,True,False
UBE2I,ENSG00000103275,1,True,False,False,False
UBE2J1,ENSG00000198833,1,False,False,True,False
UBE2L3,ENSG00000185651,2,True,False,False,True
UBE2V2,ENSG00000169139,1,True,False,False,False
UBE3D,ENSG00000118420,1,False,False,True,False
UBIAD1,ENSG00000120942,1,False,False,True,False
UBR4,ENSG00000127481,1,True,False,False,False
UBR5,ENSG00000104517,1,False,False,False,True
UBTD2,ENSG00000168246,1,False,True,False,False
UBXN1,ENSG00000162191,3,True,False,True,True
UBXN6,ENSG00000167671,1,False,False,True,False
UFL1,ENSG00000014123,2,True,True,False,False
UFM1,ENSG00000120686,2,True,False,False,True
UGDH,ENSG00000109814,1,True,False,False,False
ULK4,ENSG00000168038,1,False,False,True,False
UNC45A,ENSG00000140553,1,False,False,True,False
UPF2,ENSG00000151461,1,True,False,False,False
UQCC1,ENSG00000101019,1,False,False,True,False
UQCRB,ENSG00000156467,1,True,False,False,False
UQCRC2,ENSG00000140740,2,True,False,True,False
UQCRQ,ENSG00000164405,1,True,False,False,False
URM1,ENSG00000167118,1,True,False,False,False
USO1,ENSG00000138768,1,True,False,False,False
USP1,ENSG00000162607,1,False,True,False,False
USP22,ENSG00000124422,2,True,False,False,True
USP24,ENSG00000162402,1,False,False,True,False
USP36,ENSG00000055483,1,False,False,True,False
USP4,ENSG00000114316,1,False,False,True,False
USP7,ENSG00000187555,2,True,False,False,True
UTP23,ENSG00000147679,2,True,False,True,False
UVRAG,ENSG00000198382,1,True,False,False,False
UXS1,ENSG00000115652,1,True,False,False,False
VARS2,ENSG00000137411,1,True,False,False,False
VAV1,ENSG00000141968,2,True,False,False,True
VBP1,ENSG00000155959,2,True,False,True,False
VCF2,ENSG00000182518,1,True,False,False,False
VPS13A,ENSG00000197969,1,False,False,True,False
VPS29,ENSG00000111237,1,True,False,False,False
VPS39,ENSG00000166887,1,False,True,False,False
VPS41,ENSG00000006715,1,True,False,False,False
VPS45,ENSG00000136631,3,True,True,True,False
VPS8,ENSG00000156931,2,True,False,True,False
WAC,ENSG00000095787,3,True,True,False,True
WAPL,ENSG00000062650,2,True,False,True,False
WARS2,ENSG00000116874,1,True,False,False,False
WAS,ENSG00000015285,2,True,True,False,False
WASF2,ENSG00000158195,1,True,False,False,False
WBP4,ENSG00000120688,1,True,False,False,False
WDFY1,ENSG00000085449,1,False,False,True,False
WDR24,ENSG00000127580,2,False,True,True,False
WDR54,ENSG00000005448,1,False,False,True,False
WDR59,ENSG00000103091,2,True,True,False,False
WDR7,ENSG00000091157,1,False,False,True,False
WDR82,ENSG00000164091,2,True,False,False,True
WNK1,ENSG00000060237,1,True,False,False,False
XBP1,ENSG00000100219,1,True,False,False,False
XIAP,ENSG00000101966,2,True,False,True,False
XRCC2,ENSG00000196584,1,True,False,False,False
XRN1,ENSG00000114127,1,True,False,False,False
YEATS2,ENSG00000163872,1,True,False,False,False
YIPF1,ENSG00000058799,1,False,False,True,False
YIPF3,ENSG00000137207,1,False,False,True,False
YME1L1,ENSG00000136758,1,False,False,True,False
YTHDF2,ENSG00000198492,2,True,False,False,True
YY1,ENSG00000100811,1,True,False,False,False
ZAP70,ENSG00000115085,3,True,True,False,True
ZBED1,ENSG00000214717,1,False,True,False,False
ZBTB14,ENSG00000198081,2,True,False,True,False
ZBTB17,ENSG00000116809,1,False,False,True,False
ZBTB45,ENSG00000119574,1,True,False,False,False
ZBTB48,ENSG00000204859,1,False,True,False,False
ZC3H10,ENSG00000135482,2,True,False,True,False
ZC3H14,ENSG00000100722,1,False,False,True,False
ZC3H15,ENSG00000065548,1,True,False,False,False
ZC3H3,ENSG00000014164,1,True,False,False,False
ZC3H4,ENSG00000130749,1,True,False,False,False
ZC3HC1,ENSG00000091732,1,True,False,False,False
ZFP36L2,ENSG00000152518,1,False,False,True,False
ZFX,ENSG00000005889,1,True,False,False,False
ZMYM2,ENSG00000121741,2,False,True,True,False
ZNF131,ENSG00000172262,1,False,False,True,False
ZNF219,ENSG00000165804,1,False,False,True,False
ZNF330,ENSG00000109445,1,False,False,True,False
ZNF507,ENSG00000168813,1,False,False,True,False
ZNF613,ENSG00000176024,2,False,False,True,True
ZNF622,ENSG00000173545,2,True,False,True,False
ZNF623,ENSG00000183309,1,True,False,False,False
ZNF649,ENSG00000198093,2,True,False,True,False
ZNF655,ENSG00000197343,1,False,False,True,False
ZNF710,ENSG00000140548,1,True,False,False,False
ZNF785,ENSG00000197162,1,False,False,True,False
ZNF816,ENSG00000180257,1,True,False,False,False
