rank,gene,condition,n_suppress_effector,suppress_sum_absz,suppress_max_absz,suppress_cytokines,n_boost,boost_sum_absz,boost_max_absz,boost_cytokines
1.0,VAV1,Stim8hr,12,45.606,8.054,"CSF2,IFNG,IL13,IL2,IL21,IL22,IL2RA,IL3,IL4,IL5,LTA,TNF",1,3.23,3.23,CTLA4
2.0,CD3E,Stim8hr,11,55.394,16.514,"CSF2,IFNG,IL13,IL2,IL21,IL2RA,IL3,IL4,IL5,LTA,TNF",2,8.506,5.106,"CTLA4,IL10"
3.0,PGK1,Stim8hr,10,47.411,7.703,"CSF2,IFNG,IL13,IL2,IL22,IL2RA,IL4,IL5,LTA,TNF",1,2.867,2.867,IL10
4.0,VAV1,Stim48hr,10,42.1,7.307,"CSF2,IFNG,IL13,IL2,IL21,IL2RA,IL3,IL4,IL5,LTA",2,6.7,4.296,"CTLA4,IL10"
5.0,PKM,Stim8hr,10,38.784,5.337,"CSF2,IFNG,IL13,IL22,IL2RA,IL3,IL4,IL5,LTA,TNF",2,5.628,3.106,"CTLA4,IL10"
6.0,LAT,Stim8hr,9,44.524,14.611,"CSF2,IFNG,IL13,IL2,IL2RA,IL3,IL4,LTA,TNF",2,9.417,4.973,"CTLA4,IL10"
7.0,SMARCE1,Stim8hr,9,41.682,8.181,"CSF2,IFNG,IL13,IL2,IL22,IL2RA,IL3,IL4,LTA",1,2.936,2.936,CTLA4
8.0,PLCG1,Stim8hr,9,41.488,12.319,"CSF2,IFNG,IL2,IL2RA,IL3,IL4,IL5,LTA,TNF",2,5.9719999999999995,3.852,"CTLA4,IL10"
9.0,CD247,Stim8hr,9,35.533,8.36,"CSF2,IFNG,IL13,IL2,IL2RA,IL3,IL4,IL5,LTA",0,,,
10.0,MPI,Stim8hr,9,34.335,8.475,"IFNG,IL13,IL21,IL22,IL2RA,IL3,IL4,IL5,LTA",1,2.568,2.568,IL10
11.0,BATF,Stim48hr,9,33.375,6.115,"CSF2,IFNG,IL13,IL2,IL2RA,IL3,IL5,LTA,TNF",1,5.223,5.223,CTLA4
12.0,SIK3,Stim48hr,9,32.827,5.984,"IFNG,IL2,IL21,IL22,IL3,IL4,IL5,LTA,TNF",2,5.541,2.777,"IL10,IL2RA"
13.0,DHX36,Stim48hr,9,31.177000000000003,5.341,"CSF2,IFNG,IL13,IL22,IL2RA,IL3,IL4,IL5,LTA",0,,,
14.0,SLC35B1,Stim8hr,9,30.961000000000002,4.598,"CSF2,IL13,IL2,IL22,IL2RA,IL3,IL4,LTA,TNF",1,3.434,3.434,IL10
15.0,IL2RB,Stim8hr,8,36.029,8.537,"CSF2,IFNG,IL13,IL2,IL22,IL2RA,IL3,IL5",2,8.515,4.843,"CTLA4,IL10"
16.0,CD3G,Stim48hr,8,34.996,9.389,"CSF2,IFNG,IL13,IL2RA,IL3,IL4,IL5,LTA",1,4.824,4.824,CTLA4
17.0,CXXC1,Stim48hr,8,32.628,5.531,"CSF2,IFNG,IL13,IL2RA,IL3,IL4,LTA,TNF",0,,,
18.0,UBR4,Stim48hr,8,29.707,4.587,"CSF2,IFNG,IL13,IL2,IL2RA,IL3,IL5,LTA",1,4.082,4.082,CTLA4
19.0,CD247,Stim48hr,8,28.706999999999997,6.375,"CSF2,IFNG,IL13,IL2,IL21,IL2RA,IL4,LTA",1,4.554,4.554,CTLA4
20.0,PMVK,Stim48hr,8,27.729,7.802,"CSF2,IFNG,IL13,IL22,IL2RA,IL4,LTA,TNF",2,6.277,3.343,"CTLA4,IL10"
21.0,CARMIL2,Stim8hr,8,27.683999999999997,4.894,"IL2,IL22,IL2RA,IL3,IL4,IL5,LTA,TNF",1,2.713,2.713,CTLA4
22.0,CD2,Stim48hr,8,24.464,3.727,"CSF2,IFNG,IL2,IL21,IL22,IL23R,LTA,TNF",0,,,
23.0,IL2RB,Stim48hr,7,43.177,16.994,"CSF2,IL13,IL2RA,IL3,IL4,IL5,TNF",1,6.643,6.643,CTLA4
24.0,STAT5B,Stim48hr,7,41.663000000000004,9.534,"CSF2,IFNG,IL13,IL2RA,IL3,IL4,LTA",1,4.321,4.321,CTLA4
25.0,ZAP70,Stim8hr,7,41.637,15.093,"CSF2,IFNG,IL2,IL21,IL2RA,IL3,IL4",2,7.6530000000000005,4.477,"CTLA4,IL10"
26.0,GATA3,Stim48hr,7,36.631,11.273,"CSF2,IFNG,IL13,IL2RA,IL3,IL4,IL5",2,11.23,7.608,"CTLA4,IL10"
27.0,NSD1,Stim48hr,7,31.733,8.181,"CSF2,IL21,IL22,IL2RA,IL3,LTA,TNF",2,10.23,6.384,"CTLA4,IL10"
28.0,BHLHE40,Stim48hr,7,31.128,8.908,"CSF2,IL13,IL21,IL22,IL3,IL4,IL5",1,3.857,3.857,IL23R
29.0,RFT1,Stim8hr,7,29.939999999999998,5.688,"CSF2,IFNG,IL22,IL2RA,IL3,LTA,TNF",1,3.252,3.252,IL10
30.0,RBCK1,Stim48hr,7,26.822000000000003,6.126,"CSF2,IFNG,IL13,IL2,IL22,LTA,TNF",0,,,
31.0,TBX21,Stim8hr,7,26.811000000000003,5.458,"CSF2,IFNG,IL2,IL22,IL3,LTA,TNF",0,,,
32.0,PGS1,Stim8hr,7,25.979000000000003,4.605,"CSF2,IFNG,IL2,IL22,IL3,IL4,LTA",0,,,
33.0,DOLPP1,Stim8hr,7,25.446999999999996,6.122,"IFNG,IL13,IL2RA,IL3,IL4,LTA,TNF",0,,,
34.0,SUPT20H,Stim48hr,7,25.148999999999997,4.935,"IL2,IL21,IL2RA,IL3,IL4,IL5,TNF",1,6.271,6.271,CTLA4
35.0,USO1,Stim8hr,7,24.03,5.607,"CSF2,IL13,IL2,IL21,IL22,IL2RA,TNF",0,,,
36.0,TMX1,Stim8hr,7,23.978,6.231,"CSF2,IFNG,IL2,IL21,IL22,IL3,TNF",0,,,
37.0,CD28,Stim8hr,7,23.372000000000003,4.288,"IFNG,IL2,IL22,IL2RA,IL5,LTA,TNF",0,,,
38.0,VARS2,Stim48hr,7,22.694999999999997,3.674,"CSF2,IFNG,IL13,IL2RA,IL3,IL5,LTA",0,,,
39.0,CREBBP,Stim8hr,7,22.342000000000002,3.743,"CSF2,IFNG,IL2,IL21,IL2RA,IL3,TNF",1,3.802,3.802,CTLA4
40.0,CFAP20,Stim48hr,6,26.164,6.394,"IL13,IL2RA,IL3,IL4,IL5,LTA",1,4.288,4.288,CTLA4
41.0,STAT5B,Stim8hr,6,25.652,6.239,"CSF2,IFNG,IL13,IL2RA,IL4,LTA",1,3.99,3.99,CTLA4
42.0,GNPNAT1,Stim8hr,6,24.106,5.128,"CSF2,IFNG,IL13,IL2RA,IL3,TNF",0,,,
43.0,USP22,Stim48hr,6,24.055999999999997,5.526,"IL2,IL21,IL2RA,IL3,LTA,TNF",1,4.571,4.571,CTLA4
44.0,N6AMT1,Stim48hr,6,23.271,4.525,"CSF2,IFNG,IL13,IL3,IL4,IL5",1,2.633,2.633,CTLA4
45.0,MED12,Stim8hr,6,23.024,6.728,"CSF2,IL13,IL22,IL3,IL4,IL5",2,6.968,4.801,"IL10,TNF"
46.0,INO80,Stim48hr,6,22.543,4.694,"IFNG,IL2RA,IL3,IL4,IL5,LTA",1,3.02,3.02,CTLA4
47.0,CBFB,Stim8hr,6,22.239000000000004,6.656,"CSF2,IFNG,IL13,IL2,IL22,IL5",1,5.087,5.087,LTA
48.0,WAC,Stim48hr,6,22.180999999999997,6.753,"CSF2,IL13,IL22,IL4,IL5,LTA",1,3.376,3.376,IL10
49.0,RBM33,Stim48hr,6,22.067999999999998,4.226,"CSF2,IFNG,IL3,IL4,IL5,LTA",0,,,
50.0,TADA2B,Stim48hr,6,21.784000000000002,4.861,"IL2,IL2RA,IL3,IL4,IL5,TNF",2,9.988,6.974,"CTLA4,IL23R"
51.0,KDM1A,Stim48hr,6,21.54,5.067,"CSF2,IL13,IL3,IL4,IL5,LTA",1,3.869,3.869,IL10
52.0,TUFM,Stim48hr,6,21.395,4.846,"CSF2,IFNG,IL2RA,IL3,IL4,TNF",1,3.098,3.098,CTLA4
53.0,ITK,Stim48hr,6,21.109,4.853,"IFNG,IL2,IL22,IL2RA,IL3,LTA",1,2.7,2.7,IL21
54.0,ATP5PO,Stim48hr,6,20.897,4.396,"IFNG,IL2,IL22,IL3,IL4,IL5",1,3.287,3.287,IL10
55.0,EIF4G2,Stim48hr,6,20.717,5.048,"IL13,IL2,IL21,IL22,IL5,LTA",1,3.808,3.808,CTLA4
56.0,TMEM126B,Stim48hr,6,20.201999999999998,4.724,"CSF2,IFNG,IL2,IL3,IL4,LTA",0,,,
57.0,WAC,Stim8hr,6,19.974999999999998,6.011,"IL13,IL22,IL2RA,IL4,IL5,LTA",3,11.361,5.042,"CTLA4,IL10,IL2"
58.0,CREBBP,Stim48hr,6,19.78,4.943,"IL13,IL22,IL2RA,IL4,IL5,TNF",1,3.049,3.049,CTLA4
59.0,LIG3,Stim48hr,6,16.738,3.168,"IL13,IL21,IL22,IL2RA,IL4,IL5",1,2.559,2.559,IL10
60.0,GET1,Stim8hr,5,24.476999999999997,5.726,"IFNG,IL13,IL2,IL2RA,IL3",0,,,
61.0,ZAP70,Stim48hr,5,22.972,8.642,"CSF2,IFNG,IL13,IL2RA,LTA",1,4.28,4.28,CTLA4
62.0,SGF29,Stim48hr,5,21.262,6.139,"IL2RA,IL3,IL4,IL5,TNF",1,7.029,7.029,CTLA4
63.0,RNF20,Stim48hr,5,21.17,6.504,"IL13,IL3,IL4,LTA,TNF",2,6.103,3.185,"CTLA4,IL23R"
64.0,SMARCE1,Stim48hr,5,21.0,8.477,"IL13,IL2RA,IL3,IL5,LTA",2,9.040000000000001,6.238,"CTLA4,IL4"
65.0,CYB5R4,Stim8hr,5,20.817,5.48,"IFNG,IL2,IL21,IL22,IL3",1,4.542,4.542,IL13
66.0,SND1,Stim8hr,5,20.8,5.188,"IFNG,IL2,IL22,LTA,TNF",0,,,
67.0,LCK,Stim48hr,5,20.347,5.882,"CSF2,IFNG,IL2RA,IL3,IL5",0,,,
68.0,ENO1,Stim48hr,5,20.268,6.781,"CSF2,IL13,IL2RA,IL5,LTA",0,,,
69.0,CAMSAP1,Stim8hr,5,20.13,5.037,"IL13,IL2,IL3,IL5,LTA",0,,,
70.0,PDCL,Stim48hr,5,20.011,5.76,"CSF2,IL13,IL22,IL2RA,IL5",2,5.869,3.14,"CTLA4,LTA"
71.0,LCK,Stim8hr,5,19.235,6.983,"IFNG,IL22,IL2RA,IL3,IL5",2,6.334,3.543,"IL10,IL4"
72.0,EFR3A,Stim8hr,5,19.204,8.695,"CSF2,IFNG,IL22,IL2RA,LTA",2,5.754,3.171,"IL10,IL2"
73.0,DHX36,Stim8hr,5,18.889,5.223,"CSF2,IL22,IL3,IL4,LTA",0,,,
74.0,EIF4G2,Stim8hr,5,18.8,5.003,"IL13,IL2,IL21,IL22,LTA",2,5.5440000000000005,3.028,"IL10,IL2RA"
75.0,MFSD6,Stim48hr,5,18.419999999999998,4.349,"CSF2,IFNG,IL2RA,IL3,LTA",0,,,
76.0,ZNF649,Stim48hr,5,18.354,4.755,"CSF2,IL13,IL2RA,IL3,IL4",0,,,
77.0,PRKAR1A,Stim48hr,5,18.052,5.092,"CSF2,IFNG,IL3,IL4,LTA",2,5.911,3.185,"CTLA4,IL2RA"
78.0,LRPPRC,Stim48hr,5,17.893,4.214,"CSF2,IFNG,IL3,IL5,TNF",0,,,
79.0,PDHA1,Stim48hr,5,17.823,5.385,"IFNG,IL13,IL2RA,IL4,IL5",1,2.916,2.916,IL10
80.0,TADA1,Stim48hr,5,17.809,4.837,"CSF2,IL22,IL4,IL5,TNF",2,7.8870000000000005,5.561,"CTLA4,IL23R"
81.0,RNF20,Stim8hr,5,17.415,5.085,"CSF2,IFNG,IL2RA,IL4,IL5",1,3.45,3.45,CTLA4
82.0,HEXIM1,Stim48hr,5,17.338,4.961,"IL13,IL22,IL3,IL4,IL5",1,2.576,2.576,IL10
83.0,MALT1,Stim8hr,5,17.265,4.608,"IFNG,IL3,IL5,LTA,TNF",0,,,
84.0,IMPDH2,Stim8hr,5,17.122,4.654,"IL13,IL22,IL4,IL5,LTA",0,,,
85.0,MED13,Stim48hr,5,17.02,4.272,"CSF2,IL2,IL3,IL4,TNF",0,,,
86.0,TSC1,Stim48hr,5,16.791,5.299,"CSF2,IL2,IL22,IL2RA,IL3",0,,,
87.0,IL7R,Stim8hr,5,16.77,4.827,"CSF2,IFNG,IL22,IL3,LTA",1,2.855,2.855,IL2RA
88.0,QRSL1,Stim48hr,5,16.555,3.858,"IFNG,IL2RA,IL3,IL4,LTA",1,3.573,3.573,CTLA4
89.0,METTL1,Stim48hr,5,16.224,4.231,"IL13,IL2,IL21,IL4,IL5",2,5.292,2.696,"IL2RA,IL3"
90.0,BCL10,Stim8hr,5,16.182,4.335,"IFNG,IL13,IL2,IL5,LTA",0,,,
91.0,MALT1,Stim48hr,5,15.452000000000002,3.71,"CSF2,IL2,IL22,IL3,LTA",1,3.727,3.727,CTLA4
92.0,POLG,Stim48hr,5,15.329,3.75,"CSF2,IL21,IL22,IL5,TNF",0,,,
93.0,DOHH,Stim48hr,5,15.291000000000002,3.817,"IL13,IL3,IL4,IL5,LTA",1,4.329,4.329,CTLA4
94.0,NFRKB,Stim8hr,5,14.008000000000001,3.672,"CSF2,IFNG,IL22,IL5,TNF",2,5.221,2.953,"CTLA4,IL10"
95.0,SMARCB1,Stim48hr,4,22.003,8.256,"IL13,IL2RA,IL3,IL5",1,6.436,6.436,CTLA4
96.0,CD2,Stim8hr,4,21.54,7.144,"CSF2,IFNG,IL2,IL3",0,,,
97.0,STAT3,Stim8hr,4,20.113,8.047,"IFNG,IL22,IL2RA,IL5",2,10.815999999999999,5.689,"CTLA4,IL10"
98.0,BHLHE40,Stim8hr,4,18.565,7.489,"CSF2,IL13,IL22,IL5",0,,,
99.0,TBX21,Stim48hr,4,18.503999999999998,7.131,"IFNG,IL3,IL4,LTA",0,,,
100.0,PLCG1,Stim48hr,4,18.472,8.557,"IL13,IL2,IL2RA,IL4",1,5.064,5.064,CTLA4
101.0,STAT3,Stim48hr,4,18.418,7.502,"IFNG,IL2,IL22,IL2RA",3,10.039,4.102,"CTLA4,IL10,LTA"
102.0,SKIC8,Stim8hr,4,17.874,8.651,"CSF2,IL2RA,LTA,TNF",0,,,
103.0,CFAP20,Stim8hr,4,17.705,5.902,"IL13,IL4,IL5,LTA",1,3.079,3.079,CTLA4
104.0,SIK3,Stim8hr,4,17.319,6.528,"IL4,IL5,LTA,TNF",2,8.147,4.553,"IL10,IL2RA"
105.0,MMAB,Stim8hr,4,17.205000000000002,4.801,"IL13,IL22,IL2RA,IL5",4,17.281,5.758,"CSF2,IL2,IL3,TNF"
106.0,SLC35B1,Stim48hr,4,17.11,5.193,"CSF2,IFNG,IL13,IL3",0,,,
107.0,CLASRP,Stim48hr,4,17.073,6.668,"IL13,IL2RA,IL4,IL5",1,3.727,3.727,CTLA4
108.0,BATF,Stim8hr,4,16.934,5.691,"IL2RA,IL3,IL5,LTA",0,,,
109.0,VPS29,Stim8hr,4,16.825,4.919,"IFNG,IL2,IL22,IL3",0,,,
110.0,ITK,Stim8hr,4,16.731,5.045,"IFNG,IL22,IL3,LTA",0,,,
111.0,DARS1,Stim8hr,4,16.724,5.362,"CSF2,IFNG,IL22,IL3",0,,,
112.0,DR1,Stim8hr,4,16.384,5.274,"CSF2,IFNG,IL3,TNF",0,,,
113.0,TESK2,Stim48hr,4,16.106,4.455,"CSF2,IL3,IL4,LTA",0,,,
114.0,SMARCB1,Stim8hr,4,16.082,6.526,"IFNG,IL13,IL2RA,LTA",4,13.350999999999999,4.611,"CTLA4,IL10,IL22,IL5"
115.0,MED15,Stim48hr,4,16.006,5.082,"IL22,IL3,IL4,IL5",2,6.281000000000001,3.696,"CTLA4,IL2RA"
116.0,KDM8,Stim48hr,4,15.758000000000001,4.823,"IL13,IL2,IL3,IL4",0,,,
117.0,CCNC,Stim48hr,4,15.395999999999999,4.186,"CSF2,IL2RA,IL3,TNF",4,15.754999999999999,5.152,"CTLA4,IL10,IL22,IL23R"
118.0,KDM3B,Stim8hr,4,15.181000000000001,4.462,"IFNG,IL3,IL4,IL5",1,4.959,4.959,CTLA4
119.0,ARPC2,Stim8hr,4,15.171,5.486,"IL13,IL21,IL2RA,IL5",2,6.442,3.356,"CTLA4,TNF"
120.0,PPP1R11,Stim8hr,4,15.161,5.202,"IL22,IL5,LTA,TNF",5,17.765,4.455,"CSF2,IFNG,IL10,IL13,IL21"
121.0,EML2,Stim8hr,4,15.097999999999999,4.581,"IFNG,IL13,IL5,LTA",0,,,
122.0,EHMT2,Stim8hr,4,14.748,4.787,"CSF2,IFNG,IL3,IL4",1,2.562,2.562,IL10
123.0,SGF29,Stim8hr,4,14.687999999999999,5.443,"IL2,IL3,IL5,TNF",1,4.358,4.358,LTA
124.0,TWNK,Stim48hr,4,14.548000000000002,5.338,"CSF2,IFNG,IL2,IL3",0,,,
125.0,SMG7,Stim8hr,4,14.437000000000001,4.352,"CSF2,IL21,IL3,IL5",1,3.072,3.072,IL10
126.0,TIAL1,Stim48hr,4,14.356000000000002,4.012,"IL2,IL21,IL3,IL4",0,,,
127.0,WAPL,Stim8hr,4,14.193,4.521,"IL2,IL22,LTA,TNF",0,,,
128.0,ACLY,Stim48hr,4,13.956,5.359,"CSF2,IFNG,IL2RA,IL5",2,6.602,3.42,"IL10,IL2"
129.0,CAMSAP1,Stim48hr,4,13.8,3.838,"CSF2,IFNG,IL4,IL5",0,,,
130.0,STK11,Stim8hr,4,13.793999999999999,3.988,"IL22,IL4,IL5,LTA",2,10.39,5.514,"CSF2,IL2RA"
131.0,GANAB,Stim8hr,4,13.67,4.227,"CSF2,IFNG,IL3,LTA",0,,,
132.0,EHMT2,Stim48hr,4,13.654,3.957,"IFNG,IL2RA,IL4,LTA",0,,,
133.0,INTS14,Stim8hr,4,13.650000000000002,4.059,"IL13,IL3,IL4,IL5",0,,,
134.0,HCCS,Stim48hr,4,13.609999999999998,4.637,"CSF2,IFNG,IL3,IL5",0,,,
135.0,TMED10,Stim8hr,4,13.572,3.543,"IL21,IL2RA,IL4,IL5",0,,,
136.0,TFB1M,Stim48hr,4,13.475,3.857,"IFNG,IL2,IL22,IL5",0,,,
137.0,SMARCC1,Stim48hr,4,13.466,3.647,"IL13,IL2RA,IL3,IL5",0,,,
138.0,CXXC1,Stim8hr,4,13.388000000000002,3.608,"CSF2,IFNG,IL2RA,IL3",2,6.367,3.683,"CTLA4,IL10"
139.0,SEL1L,Stim48hr,4,13.015,3.552,"IL21,IL3,IL4,IL5",0,,,
140.0,DCK,Stim48hr,4,12.995000000000001,3.731,"CSF2,IL13,IL2RA,IL3",0,,,
141.0,NDUFS8,Stim48hr,4,12.963000000000001,4.314,"IFNG,IL2RA,IL4,IL5",0,,,
142.0,CD28,Stim48hr,4,12.96,3.445,"IFNG,IL3,IL5,LTA",1,2.584,2.584,CTLA4
143.0,RICTOR,Stim48hr,4,12.781,3.342,"IL21,IL22,IL4,IL5",0,,,
144.0,MMAB,Stim48hr,4,12.778,3.749,"IL2,IL21,IL2RA,IL4",0,,,
145.0,TMX1,Stim48hr,4,12.695,3.796,"CSF2,IL2,IL3,LTA",1,3.105,3.105,CTLA4
146.0,PTEN,Stim8hr,4,12.41,3.76,"IFNG,IL21,IL3,IL4",0,,,
147.0,C1D,Stim8hr,4,12.392,4.359,"IL22,IL2RA,IL4,IL5",1,2.788,2.788,IL2
148.0,MLST8,Stim48hr,4,12.309999999999999,3.324,"IL13,IL22,IL4,IL5",0,,,
149.0,PPP1R11,Stim48hr,4,12.309999999999999,3.396,"IL13,IL3,IL4,IL5",1,3.609,3.609,IFNG
150.0,OXA1L,Stim48hr,4,12.167,3.208,"IL22,IL2RA,IL5,LTA",1,3.181,3.181,IL10
151.0,NFRKB,Stim48hr,4,12.122,3.162,"IL21,IL22,IL2RA,IL4",2,6.985,4.049,"CTLA4,IL10"
152.0,BTAF1,Stim48hr,4,12.081999999999999,3.231,"CSF2,IL2,IL21,IL22",1,4.332,4.332,IL2RA
153.0,DHX36,Rest,4,11.894,3.544,"CSF2,IFNG,IL2RA,LTA",0,,,
154.0,CNOT4,Stim48hr,4,11.687,3.32,"IFNG,IL2,IL3,LTA",0,,,
155.0,PNPT1,Stim8hr,4,11.287,2.951,"IL13,IL2RA,IL5,LTA",0,,,
156.0,MEN1,Stim48hr,4,10.751000000000001,2.966,"IFNG,IL21,IL22,LTA",0,,,
157.0,GATA3,Stim8hr,3,17.326999999999998,9.515,"IL13,IL2RA,IL5",3,9.978,4.254,"IL10,LTA,TNF"
158.0,FZD6,Stim8hr,3,14.89,5.108,"CSF2,IFNG,IL3",0,,,
159.0,RUNX2,Stim48hr,3,14.675,5.35,"CSF2,IL13,IL2RA",0,,,
160.0,STK11,Stim48hr,3,14.025,5.458,"CSF2,IL3,IL4",0,,,
161.0,FAM20B,Stim8hr,3,13.883,6.504,"IFNG,IL22,IL3",0,,,
162.0,IRF2BP1,Stim8hr,3,13.643,5.523,"IL2RA,IL4,IL5",0,,,
163.0,CD3E,Stim48hr,3,13.623999999999999,6.727,"CSF2,IL2RA,LTA",1,3.749,3.749,CTLA4
164.0,TIMP1,Stim8hr,3,13.538,4.759,"IFNG,IL22,IL2RA",0,,,
165.0,SMAD4,Stim8hr,3,13.123,4.715,"IL13,IL4,IL5",0,,,
166.0,ATP2A2,Stim8hr,3,13.097,6.398,"IL2,IL3,IL5",7,26.057000000000002,6.283,"CSF2,IL13,IL21,IL22,IL2RA,IL4,LTA"
167.0,RAP1A,Stim8hr,3,13.019000000000002,4.861,"IL22,IL3,IL5",0,,,
168.0,TAF6L,Stim8hr,3,12.963000000000001,6.354,"IL2,IL3,TNF",3,9.184000000000001,3.722,"IL13,IL2RA,LTA"
169.0,TRIP12,Stim8hr,3,12.774000000000001,5.856,"IL13,IL4,IL5",0,,,
170.0,NAA20,Stim8hr,3,12.608,6.07,"IL3,IL5,LTA",0,,,
171.0,PARS2,Stim8hr,3,12.518,4.958,"IL13,IL2RA,IL5",0,,,
172.0,TMEM87B,Stim8hr,3,12.454,5.027,"IL13,IL22,IL5",0,,,
173.0,CLASRP,Stim8hr,3,12.4,4.67,"IL13,IL5,LTA",1,2.989,2.989,IL10
174.0,FHIP2A,Stim8hr,3,12.395,4.313,"IL13,IL22,IL5",1,3.693,3.693,IL10
175.0,PGAP2,Stim48hr,3,12.23,5.683,"IL2,IL3,LTA",0,,,
176.0,UBR4,Stim8hr,3,12.18,4.321,"IFNG,IL21,IL5",0,,,
177.0,CBFB,Stim48hr,3,12.085999999999999,5.111,"CSF2,IL2RA,IL3",4,14.019,4.974,"CTLA4,IFNG,IL10,LTA"
178.0,VARS2,Stim8hr,3,12.081,4.263,"IL13,IL2RA,IL5",0,,,
179.0,NDFIP2,Stim8hr,3,11.972000000000001,4.8,"IL22,IL3,IL5",0,,,
180.0,MTHFD1,Stim8hr,3,11.972,5.49,"IL22,IL5,LTA",0,,,
181.0,RHOF,Stim48hr,3,11.888,4.872,"IL2,IL22,IL3",0,,,
182.0,HMGXB3,Stim48hr,3,11.839,4.248,"CSF2,IL21,IL2RA",0,,,
183.0,HEXIM1,Stim8hr,3,11.732,4.281,"IL13,IL4,IL5",0,,,
184.0,ARID1A,Stim48hr,3,11.711,4.019,"IFNG,IL2RA,IL4",0,,,
185.0,SMARCA4,Stim48hr,3,11.683,4.663,"IL13,IL2RA,IL4",1,3.812,3.812,CTLA4
186.0,ZBTB14,Stim48hr,3,11.575,4.611,"IL13,IL4,IL5",0,,,
187.0,FAM204A,Stim8hr,3,11.561,4.412,"IFNG,IL2,IL3",0,,,
188.0,ATIC,Stim8hr,3,11.523,4.607,"CSF2,IL5,LTA",0,,,
189.0,NXT1,Stim48hr,3,11.509,4.148,"IL13,IL2RA,IL5",0,,,
190.0,CEP43,Stim48hr,3,11.494000000000002,4.421,"IL13,IL4,IL5",1,4.141,4.141,CTLA4
191.0,XRCC2,Stim8hr,3,11.468,4.327,"IL22,IL4,LTA",0,,,
192.0,IL4R,Stim48hr,3,11.443,4.678,"IL13,IL4,IL5",4,18.954,7.071,"CSF2,IFNG,IL2,IL23R"
193.0,PTBP1,Stim48hr,3,11.426,4.28,"IL13,IL2RA,IL4",0,,,
194.0,ATAD5,Stim8hr,3,11.395,5.209,"IL2,LTA,TNF",3,11.898,6.019,"IL13,IL21,IL2RA"
195.0,ATL2,Stim8hr,3,11.277000000000001,3.854,"CSF2,IFNG,IL2",0,,,
196.0,GAB2,Stim48hr,3,11.17,4.266,"IL3,IL4,TNF",0,,,
197.0,INO80B,Stim8hr,3,11.125,4.093,"IL22,IL4,IL5",1,5.146,5.146,TNF
198.0,ECSIT,Stim48hr,3,11.084,4.493,"IL22,IL4,IL5",1,3.205,3.205,CTLA4
199.0,SMG9,Stim48hr,3,11.052,4.613,"IL13,IL22,IL5",1,2.763,2.763,IL10
200.0,GNG5,Stim8hr,3,11.040000000000001,4.947,"CSF2,IL22,IL5",1,3.428,3.428,IL10
201.0,GJC1,Stim48hr,3,10.982,3.765,"IL2RA,IL3,IL5",0,,,
202.0,PPP1R15B,Stim48hr,3,10.976,3.966,"CSF2,IFNG,TNF",0,,,
203.0,PPP4C,Stim48hr,3,10.969000000000001,4.035,"IL13,IL3,IL5",0,,,
204.0,DHX9,Stim48hr,3,10.949,3.777,"IL13,IL2RA,IL5",0,,,
205.0,CEP43,Stim8hr,3,10.922,4.368,"IL13,IL4,IL5",1,4.233,4.233,CTLA4
206.0,LEO1,Stim48hr,3,10.909,5.202,"IL2,IL22,IL2RA",1,2.772,2.772,IL3
207.0,TFAP4,Stim8hr,3,10.891,3.905,"CSF2,IL3,LTA",0,,,
208.0,SMG7,Stim48hr,3,10.870999999999999,4.853,"IL3,IL5,LTA",1,3.141,3.141,IL10
209.0,MED1,Stim48hr,3,10.834,3.934,"IL3,IL4,IL5",2,6.904,3.667,"CTLA4,IL2RA"
210.0,ARPC2,Stim48hr,3,10.709,4.227,"IL3,IL4,IL5",1,2.994,2.994,CTLA4
211.0,GPT2,Stim8hr,3,10.626,3.981,"CSF2,IFNG,LTA",0,,,
212.0,CTPS1,Stim8hr,3,10.484000000000002,4.732,"IL2RA,IL4,IL5",1,4.018,4.018,IL10
213.0,METAP2,Stim8hr,3,10.347999999999999,3.654,"IL4,IL5,LTA",1,4.364,4.364,IL10
214.0,XBP1,Stim48hr,3,10.321,4.06,"IL13,IL2,LTA",0,,,
215.0,EGR2,Stim48hr,3,10.267,3.612,"CSF2,LTA,TNF",0,,,
216.0,MED12,Stim48hr,3,10.251000000000001,4.495,"IL22,IL3,IL5",1,5.08,5.08,CTLA4
217.0,MAEA,Stim8hr,3,10.239999999999998,3.997,"CSF2,IL2RA,IL3",1,4.721,4.721,IL10
218.0,STRAP,Stim48hr,3,10.129000000000001,4.386,"CSF2,IL22,IL5",0,,,
219.0,CLPB,Stim48hr,3,10.091000000000001,3.806,"CSF2,IL3,IL5",0,,,
220.0,PTPRC,Stim8hr,3,10.035,3.795,"IL2,IL5,LTA",1,2.639,2.639,IL13
221.0,COMMD10,Stim48hr,3,10.012,3.506,"IL21,IL3,IL4",0,,,
222.0,ZC3H3,Stim8hr,3,9.961,3.609,"IL2RA,IL4,IL5",1,3.14,3.14,IL22
223.0,ATP5F1A,Stim48hr,3,9.957,3.851,"IL2,IL21,IL4",0,,,
224.0,KMT5B,Stim48hr,3,9.940999999999999,3.446,"IL13,IL4,LTA",0,,,
225.0,COMMD5,Stim48hr,3,9.888,3.57,"CSF2,IL3,IL4",0,,,
226.0,UBE2I,Stim48hr,3,9.864,3.778,"IL22,IL2RA,IL5",1,3.739,3.739,TNF
227.0,SMG1,Stim8hr,3,9.809999999999999,3.594,"CSF2,IL13,IL3",1,3.026,3.026,IL2RA
228.0,CLCC1,Stim48hr,3,9.771,3.773,"IL2,IL23R,IL3",0,,,
229.0,TNRC6A,Stim48hr,3,9.761,3.527,"IL22,IL4,IL5",3,8.855,3.159,"CSF2,IL10,IL2RA"
230.0,TIMM8B,Stim48hr,3,9.686,3.909,"IFNG,IL3,IL5",0,,,
231.0,C1D,Stim48hr,3,9.676,3.888,"IL3,IL4,IL5",0,,,
232.0,CSDE1,Stim48hr,3,9.676,3.876,"IL13,IL2RA,IL5",1,3.082,3.082,CTLA4
233.0,TFAM,Stim48hr,3,9.633,4.542,"IFNG,IL2,IL5",0,,,
234.0,ELOB,Stim48hr,3,9.581,4.581,"IL2,IL21,IL22",1,4.429,4.429,IL2RA
235.0,GPI,Stim48hr,3,9.571,3.564,"IFNG,IL21,IL3",3,8.76,3.383,"CTLA4,IL10,IL13"
236.0,ERCC1,Stim48hr,3,9.524000000000001,3.282,"IL2,IL22,LTA",0,,,
237.0,CYC1,Stim48hr,3,9.435,3.209,"CSF2,IL4,IL5",0,,,
238.0,AEBP2,Stim48hr,3,9.429,3.441,"CSF2,IL13,IL5",0,,,
239.0,DOP1B,Stim48hr,3,9.428,3.532,"IL2RA,IL3,IL4",2,5.819,3.139,"CTLA4,IFNG"
240.0,PARS2,Stim48hr,3,9.402,3.481,"IL21,IL2RA,IL4",1,3.37,3.37,IL3
241.0,PNPT1,Stim48hr,3,9.373,3.209,"IFNG,IL2,IL4",0,,,
242.0,IMPDH2,Stim48hr,3,9.362,4.028,"IL13,IL5,LTA",1,2.789,2.789,IL3
243.0,TNPO1,Stim48hr,3,9.308,3.666,"IL13,IL3,IL4",0,,,
244.0,IBA57,Stim48hr,3,9.274000000000001,3.822,"IL2,IL3,LTA",0,,,
245.0,CRLS1,Stim48hr,3,9.212,3.501,"IFNG,IL2,LTA",0,,,
246.0,ATXN10,Stim8hr,3,9.172,3.659,"IL13,IL22,IL4",2,11.18,7.397,"IL10,IL2RA"
247.0,PDSS2,Stim8hr,3,9.17,4.198,"IL22,IL4,IL5",1,2.996,2.996,TNF
248.0,LAMTOR4,Stim48hr,3,9.143,3.341,"IL21,IL22,IL3",1,3.659,3.659,CTLA4
249.0,YEATS2,Stim48hr,3,9.078999999999999,3.483,"IL3,IL4,IL5",1,4.78,4.78,LTA
250.0,SEC14L1,Stim8hr,3,9.037,3.25,"IL2RA,IL4,IL5",0,,,
251.0,EPB41L3,Stim8hr,3,9.008,3.324,"IL13,IL2,IL4",0,,,
252.0,WARS2,Stim48hr,3,8.95,3.513,"CSF2,IFNG,IL22",0,,,
253.0,C11orf54,Stim48hr,3,8.923,3.258,"IL3,IL4,IL5",0,,,
254.0,PDSS2,Stim48hr,3,8.867999999999999,3.383,"IL4,IL5,LTA",0,,,
255.0,FOXK1,Stim8hr,3,8.844999999999999,3.24,"IL2,LTA,TNF",0,,,
256.0,GPI,Stim8hr,3,8.844000000000001,3.309,"IFNG,IL2RA,IL3",1,3.094,3.094,IL10
257.0,RTRAF,Stim8hr,3,8.832,3.351,"IL21,IL5,LTA",0,,,
258.0,NCAPG2,Stim48hr,3,8.793,3.438,"IL2,IL22,IL3",0,,,
259.0,MOV10,Stim48hr,3,8.775,3.123,"CSF2,IL3,TNF",1,3.042,3.042,IL5
260.0,ERCC4,Stim48hr,3,8.735,2.971,"IL21,IL4,IL5",2,5.46,2.884,"IL10,IL3"
261.0,TRRAP,Stim8hr,3,8.636999999999999,3.094,"IL2,IL22,IL5",1,3.153,3.153,IL10
262.0,TMEM30A,Stim8hr,3,8.621,3.096,"IL2,IL2RA,TNF",1,3.994,3.994,CTLA4
263.0,MIPEP,Stim48hr,3,8.615,3.313,"IFNG,IL3,IL5",0,,,
264.0,MBTPS1,Stim48hr,3,8.504000000000001,3.164,"IL2RA,IL3,IL5",0,,,
265.0,TMED9,Stim8hr,3,8.414,3.126,"IFNG,IL3,TNF",2,9.231,6.51,"IL2RA,IL4"
266.0,UFM1,Stim48hr,3,8.031,2.792,"CSF2,IL22,IL4",1,2.821,2.821,CTLA4
267.0,MED12,Rest,3,7.872999999999999,3.061,"CSF2,IL13,TNF",1,5.976,5.976,IL2RA
268.0,IL2RA,Stim8hr,2,20.314,16.183,"IL2RA,IL3",0,,,
269.0,MEAF6,Stim8hr,2,11.067,5.802,"IL2,IL3",1,2.972,2.972,IL5
270.0,PGGT1B,Stim8hr,2,11.014999999999999,8.37,"IL2RA,IL5",2,6.339,3.713,"CTLA4,IL10"
271.0,PCBP1,Stim48hr,2,10.759,6.314,"IL13,IL4",0,,,
272.0,UGDH,Stim8hr,2,10.756,6.748,"IFNG,IL3",0,,,
273.0,IL2,Stim8hr,2,10.337,6.003,"IL2,IL22",0,,,
274.0,TPST2,Stim48hr,2,10.227,5.185,"IL13,IL2RA",2,6.61,3.349,"CSF2,CTLA4"
275.0,PRKAR1A,Stim8hr,2,9.446,6.673,"IL5,LTA",5,16.047,3.699,"CSF2,IL10,IL21,IL2RA,IL3"
276.0,WBP4,Stim8hr,2,9.367,5.297,"IL13,IL2RA",0,,,
277.0,CPSF6,Stim8hr,2,9.296,5.469,"IL13,IL4",7,29.860000000000003,7.699,"CSF2,IFNG,IL2,IL21,IL22,IL2RA,IL3"
278.0,PPP1R15B,Stim8hr,2,9.24,4.848,"IL2,IL22",0,,,
279.0,SLK,Stim8hr,2,9.149000000000001,4.806,"CSF2,IL3",0,,,
280.0,ATAD5,Rest,2,9.022,4.66,"LTA,TNF",7,24.565,6.601,"CSF2,IFNG,IL13,IL2,IL23R,IL2RA,IL4"
281.0,CPSF6,Stim48hr,2,8.928,4.834,"IL13,IL4",6,23.426,5.573,"CSF2,IFNG,IL2,IL23R,IL3,LTA"
282.0,TSTD2,Stim48hr,2,8.868,4.982,"IL13,IL4",0,,,
283.0,PGAM1,Stim8hr,2,8.789,5.126,"IL22,LTA",0,,,
284.0,ACTR8,Stim8hr,2,8.687,5.508,"IL13,IL5",2,6.426,3.498,"CTLA4,IL10"
285.0,MBD2,Stim48hr,2,8.66,4.698,"IL13,IL2RA",2,7.478,3.871,"CTLA4,LTA"
286.0,SEC23A,Stim48hr,2,8.66,4.629,"IL13,IL5",0,,,
287.0,GFM1,Stim48hr,2,8.59,4.377,"IL13,IL3",0,,,
288.0,PPCS,Stim8hr,2,8.556000000000001,4.381,"IL22,IL2RA",3,11.088,4.265,"CSF2,IL10,IL21"
289.0,BAP1,Stim8hr,2,8.53,4.832,"IFNG,IL2RA",1,4.501,4.501,CTLA4
290.0,RAD21,Stim8hr,2,8.52,4.298,"IL22,IL5",0,,,
291.0,CSDE1,Stim8hr,2,8.484,4.852,"IL22,IL5",2,5.65,2.948,"IL10,IL4"
292.0,JUND,Stim48hr,2,8.451,4.541,"IL3,IL4",2,8.372,4.246,"IL22,IL23R"
293.0,BAP1,Stim48hr,2,8.403,4.876,"IL13,IL2RA",1,3.684,3.684,CTLA4
294.0,TOMM70,Stim48hr,2,8.376,5.095,"IFNG,LTA",0,,,
295.0,PRIMPOL,Stim48hr,2,8.361,4.284,"IL3,IL5",1,5.525,5.525,IL23R
296.0,TAF13,Stim48hr,2,8.321,4.271,"IL2,IL5",3,8.818,3.404,"CTLA4,IFNG,LTA"
297.0,MBD3,Stim48hr,2,8.318,4.258,"IL13,IL3",0,,,
298.0,STAT5A,Stim8hr,2,8.312999999999999,4.176,"IL13,IL5",0,,,
299.0,KTN1,Stim8hr,2,8.285,4.6,"IL13,IL4",1,3.45,3.45,IL3
300.0,ZNF622,Stim8hr,2,8.269,4.247,"IL13,IL5",1,3.86,3.86,IL10
301.0,PHF12,Stim8hr,2,8.21,4.482,"IL22,IL3",0,,,
302.0,SMG9,Stim8hr,2,8.207,4.683,"IL13,IL5",2,7.614000000000001,4.929,"IL10,IL2RA"
303.0,LETM1,Stim8hr,2,8.201,4.52,"IL22,IL2RA",0,,,
304.0,APBB1IP,Stim48hr,2,8.196,4.186,"IL13,LTA",0,,,
305.0,SUPV3L1,Stim8hr,2,8.178,4.105,"CSF2,IL5",0,,,
306.0,DIS3L,Stim8hr,2,8.145,5.0,"IL2,LTA",0,,,
307.0,LEO1,Stim8hr,2,8.098,5.224,"IL2RA,IL5",1,2.803,2.803,IL10
308.0,COMMD7,Stim48hr,2,8.094,4.183,"IL3,IL4",0,,,
309.0,PPP1R14B,Stim48hr,2,8.068,4.438,"IFNG,IL5",0,,,
310.0,DPH1,Stim48hr,2,8.009,4.749,"CSF2,IL13",0,,,
311.0,TADA1,Stim8hr,2,7.997,4.705,"IL3,IL5",2,6.829000000000001,4.375,"IL10,LTA"
312.0,EXOC1,Stim48hr,2,7.996,4.402,"IFNG,IL2RA",2,7.655,4.205,"CTLA4,IL23R"
313.0,SZRD1,Stim8hr,2,7.916,4.361,"IL22,LTA",0,,,
314.0,SMAD4,Stim48hr,2,7.878,4.053,"IL13,IL3",0,,,
315.0,MAD2L1BP,Stim8hr,2,7.8660000000000005,4.089,"IL22,IL3",0,,,
316.0,PGS1,Stim48hr,2,7.845,4.013,"IFNG,IL13",0,,,
317.0,PHIP,Stim8hr,2,7.82,3.91,"IL2,IL3",0,,,
318.0,ENO1,Stim8hr,2,7.804,4.341,"IL22,IL3",0,,,
319.0,FAM98B,Stim48hr,2,7.8,4.401,"IL3,IL4",0,,,
320.0,ALG13,Stim8hr,2,7.788,4.636,"IL2RA,IL5",1,3.259,3.259,IL10
321.0,CCNQ,Stim48hr,2,7.7829999999999995,4.845,"IL2,IL3",1,2.895,2.895,CTLA4
322.0,RAB10,Stim8hr,2,7.768000000000001,4.027,"IL22,IL3",0,,,
323.0,SEC14L2,Stim48hr,2,7.747,4.326,"IL2,IL3",0,,,
324.0,CCNT1,Stim48hr,2,7.734,4.111,"IL2,IL3",0,,,
325.0,CYCS,Stim48hr,2,7.718999999999999,3.98,"IL3,IL5",0,,,
326.0,ATP2A2,Stim48hr,2,7.713,4.13,"IL3,IL5",6,32.626000000000005,7.585,"CSF2,IFNG,IL21,IL22,IL23R,LTA"
327.0,IST1,Stim48hr,2,7.701,4.547,"IL13,IL4",1,6.041,6.041,CTLA4
328.0,POLRMT,Stim48hr,2,7.699,4.387,"IFNG,IL3",0,,,
329.0,DDX1,Stim8hr,2,7.692,4.581,"IL13,IL3",0,,,
330.0,SNTB1,Stim8hr,2,7.692,3.984,"IFNG,IL22",0,,,
331.0,PDCL,Stim8hr,2,7.689,4.774,"IL22,IL5",2,6.307,3.211,"LTA,TNF"
332.0,VBP1,Stim48hr,2,7.656000000000001,3.915,"IL2,IL3",1,3.53,3.53,CTLA4
333.0,COMMD8,Stim48hr,2,7.62,4.304,"IL22,IL4",0,,,
334.0,MDM4,Stim8hr,2,7.6,4.01,"IL13,IL5",0,,,
335.0,MLST8,Stim8hr,2,7.586,3.923,"IL13,IL5",0,,,
336.0,ZC3H15,Stim48hr,2,7.539000000000001,4.049,"IFNG,IL3",0,,,
337.0,GOLT1B,Stim8hr,2,7.526,4.24,"IL22,IL3",1,4.366,4.366,TNF
338.0,ELP1,Stim8hr,2,7.508,4.016,"IL5,LTA",0,,,
339.0,SMARCA4,Stim8hr,2,7.481,4.321,"IL13,TNF",0,,,
340.0,SETD1B,Stim48hr,2,7.476,3.92,"IL2,LTA",0,,,
341.0,EIF3J,Stim8hr,2,7.4719999999999995,4.374,"IL2RA,IL5",0,,,
342.0,CAMK1,Stim48hr,2,7.445,3.792,"LTA,TNF",0,,,
343.0,ZFX,Stim8hr,2,7.445,3.913,"IL2RA,IL5",1,4.948,4.948,IL2
344.0,BRAT1,Stim48hr,2,7.397,4.161,"IFNG,IL3",0,,,
345.0,PPP2R2A,Stim48hr,2,7.383,3.726,"IL13,IL4",0,,,
346.0,MPG,Stim8hr,2,7.375,3.727,"IL2,IL22",0,,,
347.0,ARID4B,Stim8hr,2,7.366,4.287,"IL2RA,IL5",0,,,
348.0,CASC3,Stim8hr,2,7.36,4.543,"IL2,IL21",0,,,
349.0,DLAT,Stim48hr,2,7.352,4.013,"IL22,LTA",0,,,
350.0,CHUK,Stim8hr,2,7.349,3.744,"IL2,IL5",0,,,
351.0,ALAD,Stim48hr,2,7.337,3.916,"IFNG,IL13",0,,,
352.0,MMGT1,Stim48hr,2,7.313000000000001,3.845,"IL22,IL2RA",0,,,
353.0,DOHH,Stim8hr,2,7.300000000000001,4.051,"IL22,IL5",2,5.151,2.774,"CTLA4,TNF"
354.0,RAP2A,Stim8hr,2,7.288,4.127,"IL22,IL5",0,,,
355.0,KRBA2,Stim8hr,2,7.275,3.892,"IL22,TNF",0,,,
356.0,CARD6,Stim48hr,2,7.236000000000001,3.66,"IL2,IL4",0,,,
357.0,JUNB,Stim8hr,2,7.227,3.89,"IL22,TNF",0,,,
358.0,MAPKAP1,Stim48hr,2,7.219,3.745,"IL2,IL5",0,,,
359.0,SUPT20H,Stim8hr,2,7.214,4.633,"IL3,IL5",3,9.089,3.461,"CSF2,IFNG,LTA"
360.0,GTF3C5,Stim8hr,2,7.198,3.658,"IL22,LTA",1,3.586,3.586,IL10
361.0,FLAD1,Stim8hr,2,7.189,3.676,"IL13,IL5",1,3.511,3.511,IL10
362.0,GCN1,Stim8hr,2,7.188000000000001,3.62,"IL3,IL5",0,,,
363.0,TIMP1,Stim48hr,2,7.186,3.98,"IL13,IL2RA",1,3.343,3.343,IL5
364.0,MPI,Stim48hr,2,7.175,3.798,"IL3,IL5",0,,,
365.0,COX6C,Stim8hr,2,7.168,3.951,"IL2RA,IL5",3,11.357,4.561,"IFNG,IL10,IL3"
366.0,COG6,Stim8hr,2,7.157,3.615,"IFNG,TNF",1,3.549,3.549,IL13
367.0,DNAAF2,Stim8hr,2,7.135,3.909,"IL13,IL5",0,,,
368.0,SHQ1,Stim8hr,2,7.118,3.78,"IL13,IL22",0,,,
369.0,GET3,Stim8hr,2,7.116,3.812,"IFNG,IL2RA",0,,,
370.0,SRR,Stim48hr,2,7.099,3.65,"IL5,LTA",0,,,
371.0,MCM8,Stim48hr,2,7.052,4.353,"CSF2,IL5",0,,,
372.0,ELP5,Stim8hr,2,7.033,3.583,"IL5,LTA",0,,,
373.0,MIA2,Stim48hr,2,7.032,4.128,"IL2RA,IL3",0,,,
374.0,UBE2E1,Stim48hr,2,6.996,3.506,"IL22,IL5",0,,,
375.0,EML2,Stim48hr,2,6.955,3.552,"IL5,LTA",0,,,
376.0,NDFIP2,Stim48hr,2,6.9510000000000005,3.66,"IL2,LTA",0,,,
377.0,SEPSECS,Stim48hr,2,6.946,3.649,"CSF2,IFNG",1,4.368,4.368,CTLA4
378.0,HERC4,Stim8hr,2,6.939,3.489,"IL3,TNF",0,,,
379.0,TUFM,Stim8hr,2,6.915,3.75,"IL4,IL5",1,3.962,3.962,IL10
380.0,KDM1A,Stim8hr,2,6.902,3.819,"IL3,IL5",2,6.191,3.553,"IL10,IL21"
381.0,AP2A1,Stim48hr,2,6.893,3.501,"IL13,IL2RA",0,,,
382.0,ID2,Stim48hr,2,6.885,3.498,"IL4,IL5",0,,,
383.0,ZC3HC1,Stim48hr,2,6.855,3.62,"IL22,IL3",0,,,
384.0,ARID1A,Stim8hr,2,6.852,3.531,"CSF2,IL13",0,,,
385.0,ZC3H10,Stim48hr,2,6.849,3.739,"IL4,LTA",0,,,
386.0,WAS,Stim8hr,2,6.811,3.975,"IFNG,LTA",0,,,
387.0,PARP2,Stim48hr,2,6.786,4.114,"IL3,LTA",0,,,
388.0,TSC1,Stim8hr,2,6.73,3.789,"IL2,LTA",0,,,
389.0,WDR59,Stim8hr,2,6.688,3.502,"IL21,IL3",0,,,
390.0,UBE2I,Stim8hr,2,6.667,3.51,"IL2RA,IL5",0,,,
391.0,SEL1L,Stim8hr,2,6.659000000000001,3.708,"IL22,IL5",0,,,
392.0,UXS1,Rest,2,6.643000000000001,3.556,"LTA,TNF",0,,,
393.0,WDR82,Stim48hr,2,6.633,3.923,"CSF2,IL2",0,,,
394.0,RTTN,Stim8hr,2,6.6129999999999995,3.58,"CSF2,LTA",0,,,
395.0,HDAC7,Stim48hr,2,6.593999999999999,3.413,"IL4,IL5",0,,,
396.0,AIFM1,Stim48hr,2,6.59,3.352,"IL3,IL5",0,,,
397.0,ZNF710,Stim48hr,2,6.5809999999999995,3.328,"CSF2,IL3",0,,,
398.0,CARD11,Stim8hr,2,6.564,3.637,"IL13,LTA",0,,,
399.0,PFAS,Stim8hr,2,6.54,3.345,"IFNG,IL5",0,,,
400.0,RRAGC,Stim48hr,2,6.523,3.355,"IFNG,IL22",0,,,
401.0,PDPK1,Stim48hr,2,6.502000000000001,3.406,"IL13,IL4",1,3.572,3.572,CTLA4
402.0,CCS,Stim8hr,2,6.497,3.564,"IL4,IL5",1,3.844,3.844,IL10
403.0,ACTR2,Stim8hr,2,6.484999999999999,3.562,"IL2RA,IL5",0,,,
404.0,RB1CC1,Stim48hr,2,6.478,3.722,"IL4,TNF",0,,,
405.0,NSD1,Stim8hr,2,6.47,3.897,"IL2RA,IL3",2,7.425000000000001,4.192,"CTLA4,IL10"
406.0,FANCL,Stim48hr,2,6.4510000000000005,3.273,"IL2,IL4",0,,,
407.0,GDAP2,Stim8hr,2,6.443,3.231,"IL22,IL5",2,6.666,3.578,"IL10,IL4"
408.0,PTPRC,Stim48hr,2,6.43,3.694,"IL2,IL5",2,6.959999999999999,4.217,"IL13,IL2RA"
409.0,TTC4,Stim8hr,2,6.422,3.352,"IL4,IL5",0,,,
410.0,TIAL1,Stim8hr,2,6.4079999999999995,3.286,"IL22,IL4",0,,,
411.0,TAF6L,Stim48hr,2,6.388,3.4,"IL2RA,TNF",2,8.051,5.414,"CTLA4,IL22"
412.0,CFAP20,Rest,2,6.381,3.397,"IL2RA,LTA",0,,,
413.0,DNAJC24,Stim8hr,2,6.381,3.55,"IL22,IL4",2,6.52,3.585,"IFNG,IL2RA"
414.0,PAXIP1,Stim8hr,2,6.369,3.554,"IL2RA,LTA",0,,,
415.0,CASK,Stim48hr,2,6.368,3.332,"IL2RA,IL4",0,,,
416.0,ALG8,Stim8hr,2,6.351,3.21,"IL3,TNF",0,,,
417.0,ZC3H4,Stim8hr,2,6.351,3.184,"IL22,IL5",0,,,
418.0,MTG1,Stim48hr,2,6.342,3.34,"IL2RA,IL5",0,,,
419.0,PTPN2,Stim48hr,2,6.332000000000001,3.357,"IL2,TNF",0,,,
420.0,MTCH2,Stim48hr,2,6.323,3.405,"IL21,IL3",0,,,
421.0,TEP1,Stim8hr,2,6.292999999999999,3.287,"IL22,IL2RA",0,,,
422.0,EIF4A1,Stim48hr,2,6.284,3.275,"IL2RA,IL5",1,2.783,2.783,CSF2
423.0,GDAP2,Stim48hr,2,6.259,3.641,"IL13,IL5",1,5.204,5.204,IL3
424.0,PPM1D,Stim8hr,2,6.2509999999999994,3.134,"IL13,IL5",0,,,
425.0,SAP130,Stim8hr,2,6.231,3.342,"IL13,IL22",0,,,
426.0,EMG1,Stim8hr,2,6.212,3.129,"IL2,LTA",0,,,
427.0,UTP23,Stim48hr,2,6.21,3.192,"IL2RA,IL3",0,,,
428.0,CNOT4,Stim8hr,2,6.202,3.269,"CSF2,IFNG",0,,,
429.0,ATXN7L3,Stim48hr,2,6.188,3.264,"IL3,LTA",0,,,
430.0,POLG2,Stim48hr,2,6.182,3.331,"IFNG,IL3",0,,,
431.0,GNE,Stim48hr,2,6.181,3.194,"IL22,LTA",0,,,
432.0,SRSF10,Stim8hr,2,6.179,3.515,"IL22,IL5",0,,,
433.0,TMED9,Rest,2,6.170999999999999,3.496,"LTA,TNF",3,11.364,5.397,"CSF2,IL22,IL2RA"
434.0,PSIP1,Stim48hr,2,6.154,3.279,"IL2,IL3",0,,,
435.0,HEATR3,Stim8hr,2,6.143,3.098,"IL13,IL5",3,11.014,4.44,"IL10,LTA,TNF"
436.0,ATG14,Stim48hr,2,6.129,3.319,"CSF2,IL2RA",0,,,
437.0,ARNT,Stim48hr,2,6.054,3.433,"IL22,IL2RA",2,5.079000000000001,2.705,"CTLA4,IL10"
438.0,ACTR8,Stim48hr,2,6.0120000000000005,3.247,"IL13,IL4",2,7.025,3.623,"CTLA4,TNF"
439.0,YY1,Stim8hr,2,5.895,3.093,"IL22,IL4",1,2.886,2.886,IL2
440.0,ATF4,Stim8hr,2,5.893,3.215,"IL13,IL5",4,16.572,4.824,"CSF2,IFNG,IL2,TNF"
441.0,PITRM1,Stim48hr,2,5.8919999999999995,3.371,"IL4,IL5",0,,,
442.0,SIN3B,Stim48hr,2,5.862,3.167,"IL22,IL3",1,2.446,2.446,IL2
443.0,SCAF4,Stim48hr,2,5.83,3.033,"IFNG,IL22",0,,,
444.0,RNFT2,Stim48hr,2,5.804,3.332,"IL22,IL2RA",1,2.791,2.791,IL13
445.0,GABPB1,Stim48hr,2,5.779999999999999,2.929,"IL2,IL22",0,,,
446.0,EIF4G1,Stim8hr,2,5.779,3.141,"IL13,IL22",6,23.43,6.321,"CSF2,IFNG,IL2,IL21,IL3,TNF"
447.0,PRKAR1A,Rest,2,5.771,3.121,"IFNG,LTA",1,7.658,7.658,IL2RA
448.0,CARS2,Stim48hr,2,5.751,3.24,"IL3,IL4",0,,,
449.0,SMG1,Stim48hr,2,5.74,2.941,"IL3,IL5",0,,,
450.0,CCDC12,Stim8hr,2,5.721,2.972,"IL4,TNF",0,,,
451.0,NAA30,Stim8hr,2,5.715,3.135,"IL2,IL3",0,,,
452.0,PTCD2,Stim48hr,2,5.6899999999999995,2.976,"IL22,IL3",0,,,
453.0,BRPF1,Rest,2,5.677,2.84,"IL2RA,LTA",0,,,
454.0,WDR82,Stim8hr,2,5.664,2.981,"CSF2,IL5",1,2.391,2.391,LTA
455.0,KTI12,Stim8hr,2,5.659,2.893,"IL13,IL5",0,,,
456.0,KMT2E,Stim48hr,2,5.609999999999999,3.028,"IL2,IL5",0,,,
457.0,NDUFAF3,Stim48hr,2,5.522,2.828,"IL2,IL4",1,2.884,2.884,IL10
458.0,USP22,Stim8hr,2,5.4719999999999995,2.798,"IL2,IL3",1,2.769,2.769,IL2RA
459.0,SMARCE1,Rest,2,5.468,2.815,"LTA,TNF",1,2.384,2.384,IL2RA
460.0,DPH5,Stim48hr,2,5.458,2.82,"CSF2,IL5",1,5.959,5.959,IL2RA
461.0,RB1CC1,Stim8hr,2,5.4190000000000005,2.766,"IL2,IL3",2,6.489,3.795,"IL2RA,IL5"
462.0,BRPF1,Stim48hr,2,5.394,2.705,"IL2,IL2RA",0,,,
463.0,ATXN10,Rest,2,5.328,2.705,"IFNG,LTA",0,,,
464.0,MTA2,Stim48hr,2,5.311,2.702,"IL2,IL3",1,2.87,2.87,CTLA4
465.0,DR1,Stim48hr,2,5.307,2.668,"IFNG,IL3",1,4.07,4.07,IL2RA
466.0,SMG7,Rest,2,5.256,2.629,"CSF2,TNF",0,,,
467.0,ELOB,Stim8hr,2,4.9079999999999995,2.714,"IL2,IL5",1,4.981,4.981,IL2RA
468.0,SKIC8,Stim48hr,1,16.252,16.252,IL2RA,2,6.1419999999999995,3.734,"IFNG,TNF"
469.0,IL13,Stim48hr,1,12.665,12.665,IL13,0,,,
470.0,IL2RA,Stim48hr,1,11.327,11.327,IL2RA,0,,,
471.0,CSF2,Stim8hr,1,10.923,10.923,CSF2,0,,,
472.0,RPRD2,Stim8hr,1,10.883,10.883,IL2RA,3,8.309000000000001,3.377,"IL4,LTA,TNF"
473.0,CSF2,Stim48hr,1,7.81,7.81,CSF2,0,,,
474.0,IL13,Stim8hr,1,7.587,7.587,IL13,0,,,
475.0,RPRD2,Stim48hr,1,7.157,7.157,IL2RA,3,8.062,2.941,"IL21,LTA,TNF"
476.0,UVRAG,Stim8hr,1,7.111,7.111,IL2RA,3,10.695,3.896,"CSF2,IL10,IL21"
477.0,IL2RA,Rest,1,6.938,6.938,IL2RA,0,,,
478.0,SGF29,Rest,1,6.664,6.664,TNF,0,,,
479.0,IFNG,Stim8hr,1,6.554,6.554,IFNG,0,,,
480.0,EGR2,Stim8hr,1,6.217,6.217,LTA,1,2.995,2.995,IL2RA
481.0,WDR48,Stim8hr,1,5.817,5.817,IL2,0,,,
482.0,ALG1,Stim8hr,1,5.696,5.696,IL2RA,1,3.49,3.49,IL10
483.0,NAA25,Stim8hr,1,5.599,5.599,IL3,0,,,
484.0,EXOC7,Stim8hr,1,5.54,5.54,IL2RA,0,,,
485.0,GRK2,Stim48hr,1,5.371,5.371,IL3,0,,,
486.0,ATAD5,Stim48hr,1,5.318,5.318,LTA,2,5.335,2.824,"IL2RA,IL5"
487.0,ACAD9,Stim48hr,1,5.31,5.31,IL3,0,,,
488.0,TET2,Stim48hr,1,5.257,5.257,IL13,0,,,
489.0,MESD,Stim8hr,1,5.202,5.202,IL5,0,,,
490.0,EML4,Stim48hr,1,5.197,5.197,IL3,0,,,
491.0,VPS45,Stim8hr,1,5.182,5.182,IL2RA,3,10.866,3.802,"CSF2,IL2,TNF"
492.0,TAF6L,Rest,1,5.174,5.174,TNF,3,10.609,3.855,"IFNG,IL22,IL2RA"
493.0,KEAP1,Stim48hr,1,5.137,5.137,IL13,0,,,
494.0,INTS10,Stim8hr,1,5.102,5.102,IL2,1,2.471,2.471,IL10
495.0,DENND1C,Stim8hr,1,5.044,5.044,IL22,0,,,
496.0,BCL3,Stim8hr,1,5.022,5.022,IL3,0,,,
497.0,TMEM71,Stim8hr,1,4.986,4.986,IL5,0,,,
498.0,RNF115,Stim8hr,1,4.955,4.955,IL22,0,,,
499.0,STT3A,Stim8hr,1,4.946,4.946,IL2,0,,,
500.0,GOLPH3,Stim8hr,1,4.939,4.939,IL5,0,,,
501.0,RELB,Stim48hr,1,4.937,4.937,IL3,0,,,
502.0,IL22,Stim8hr,1,4.914,4.914,IL22,0,,,
503.0,ZNF614,Stim8hr,1,4.908,4.908,IL22,0,,,
504.0,YME1L1,Stim8hr,1,4.894,4.894,IL13,0,,,
505.0,OTULINL,Stim8hr,1,4.88,4.88,IL5,0,,,
506.0,PIN4,Stim48hr,1,4.88,4.88,IL3,0,,,
507.0,CCDC124,Stim8hr,1,4.855,4.855,IL22,0,,,
508.0,CAST,Stim48hr,1,4.85,4.85,IL13,0,,,
509.0,JUND,Stim8hr,1,4.846,4.846,IL5,1,4.159,4.159,IL22
510.0,SRXN1,Stim8hr,1,4.828,4.828,IL22,0,,,
511.0,CCDC93,Stim8hr,1,4.823,4.823,IL13,0,,,
512.0,TXNDC15,Stim8hr,1,4.805,4.805,IL5,0,,,
513.0,TADA1,Rest,1,4.792,4.792,TNF,2,6.368,3.775,"IL2RA,LTA"
514.0,TPCN1,Stim8hr,1,4.786,4.786,IL22,0,,,
515.0,ICMT,Stim48hr,1,4.776,4.776,IL2RA,0,,,
516.0,SEC22B,Stim8hr,1,4.772,4.772,IL3,0,,,
517.0,MED13L,Stim48hr,1,4.766,4.766,CSF2,0,,,
518.0,MIOS,Stim8hr,1,4.755,4.755,IL3,1,3.363,3.363,IL10
519.0,VCF2,Stim8hr,1,4.747,4.747,IL22,1,4.525,4.525,IL2
520.0,TSPAN31,Stim8hr,1,4.738,4.738,IL5,0,,,
521.0,GIMAP4,Stim48hr,1,4.712,4.712,IL3,0,,,
522.0,ARIH1,Stim48hr,1,4.708,4.708,IL4,2,5.85,3.05,"IL10,IL21"
523.0,CCNY,Stim8hr,1,4.692,4.692,IL5,0,,,
524.0,XPO6,Stim48hr,1,4.684,4.684,IL5,0,,,
525.0,RLF,Stim48hr,1,4.675,4.675,IL3,0,,,
526.0,TLCD1,Stim8hr,1,4.662,4.662,IL5,0,,,
527.0,BLOC1S2,Stim48hr,1,4.658,4.658,IL3,1,6.429,6.429,IL2
528.0,NFKB2,Stim48hr,1,4.653,4.653,IL5,3,11.806999999999999,5.61,"CTLA4,IL21,IL23R"
529.0,SPICE1,Stim8hr,1,4.65,4.65,IL4,0,,,
530.0,PALS2,Stim8hr,1,4.648,4.648,IL5,0,,,
531.0,FLCN,Stim8hr,1,4.633,4.633,IL22,0,,,
532.0,PTBP1,Stim8hr,1,4.631,4.631,IL2,1,7.9,7.9,LTA
533.0,ST20,Stim8hr,1,4.628,4.628,IL22,0,,,
534.0,PRPF40B,Stim8hr,1,4.625,4.625,IL5,0,,,
535.0,DNAJC15,Stim48hr,1,4.617,4.617,IL3,0,,,
536.0,HERC6,Stim8hr,1,4.616,4.616,IL5,0,,,
537.0,TIMM50,Stim8hr,1,4.612,4.612,IL13,1,3.638,3.638,IL23R
538.0,DNAJB2,Stim8hr,1,4.608,4.608,IL22,0,,,
539.0,SEC23A,Stim8hr,1,4.598,4.598,IL5,0,,,
540.0,AMZ2,Stim8hr,1,4.594,4.594,IL5,0,,,
541.0,ELOA,Stim48hr,1,4.585,4.585,IL2RA,0,,,
542.0,LIN7C,Stim48hr,1,4.585,4.585,IL3,1,4.203,4.203,IL4
543.0,TIMMDC1,Stim48hr,1,4.575,4.575,IL2RA,0,,,
544.0,CKAP2L,Stim8hr,1,4.57,4.57,IL22,0,,,
545.0,RBM7,Stim8hr,1,4.569,4.569,IL2RA,0,,,
546.0,ARNT,Stim8hr,1,4.565,4.565,IL22,4,17.232999999999997,4.677,"IFNG,IL10,IL2,IL3"
547.0,CCDC71,Stim8hr,1,4.555,4.555,IL22,0,,,
548.0,BCL3,Stim48hr,1,4.554,4.554,IL3,0,,,
549.0,DNAJA1,Stim48hr,1,4.554,4.554,IL3,0,,,
550.0,GAS2L1,Stim48hr,1,4.554,4.554,IL3,0,,,
551.0,ZNF75A,Stim8hr,1,4.54,4.54,IL5,0,,,
552.0,AHCYL1,Stim8hr,1,4.539,4.539,IL22,1,4.381,4.381,IL21
553.0,DNAJC24,Stim48hr,1,4.537,4.537,IL4,1,2.918,2.918,IL2RA
554.0,TFG,Stim8hr,1,4.516,4.516,IL2RA,1,3.168,3.168,IL2
555.0,SLC11A2,Stim8hr,1,4.511,4.511,IL22,0,,,
556.0,PACC1,Stim48hr,1,4.509,4.509,IL3,0,,,
557.0,RIMOC1,Stim8hr,1,4.509,4.509,IL22,0,,,
558.0,CRY1,Stim8hr,1,4.504,4.504,IL22,0,,,
559.0,AKR1C3,Stim48hr,1,4.503,4.503,IL2,0,,,
560.0,ME2,Stim48hr,1,4.502,4.502,IL5,0,,,
561.0,DHX58,Stim8hr,1,4.493,4.493,IL22,0,,,
562.0,ARK2N,Stim48hr,1,4.491,4.491,IL3,0,,,
563.0,TET2,Stim8hr,1,4.486,4.486,IL13,0,,,
564.0,RARA,Stim8hr,1,4.481,4.481,IL22,0,,,
565.0,SETDB2,Stim8hr,1,4.472,4.472,IL22,0,,,
566.0,RHOC,Stim8hr,1,4.47,4.47,IL5,0,,,
567.0,ATP5PO,Stim8hr,1,4.461,4.461,IL22,0,,,
568.0,CCNT2,Stim48hr,1,4.46,4.46,IL3,0,,,
569.0,TC2N,Stim8hr,1,4.458,4.458,IL22,0,,,
570.0,DUSP2,Stim48hr,1,4.452,4.452,IL3,0,,,
571.0,RIC8B,Stim8hr,1,4.447,4.447,IL22,0,,,
572.0,TMEM30A,Stim48hr,1,4.445,4.445,IL2RA,0,,,
573.0,NPDC1,Stim48hr,1,4.438,4.438,IL3,0,,,
574.0,UCKL1,Stim8hr,1,4.434,4.434,IL22,0,,,
575.0,TAPBPL,Stim48hr,1,4.432,4.432,IL2,0,,,
576.0,CMTM8,Stim8hr,1,4.415,4.415,IL5,0,,,
577.0,ENTR1,Stim8hr,1,4.41,4.41,IL22,0,,,
578.0,URM1,Stim8hr,1,4.406,4.406,IL5,1,2.994,2.994,TNF
579.0,CTNNB1,Stim48hr,1,4.405,4.405,IL3,0,,,
580.0,CD37,Stim8hr,1,4.402,4.402,IL5,0,,,
581.0,PRKAB2,Stim8hr,1,4.401,4.401,IL5,0,,,
582.0,YWHAE,Stim8hr,1,4.401,4.401,IL5,0,,,
583.0,MRNIP,Stim8hr,1,4.395,4.395,IL22,0,,,
584.0,PMVK,Stim8hr,1,4.395,4.395,IL5,0,,,
585.0,STAT5A,Stim48hr,1,4.394,4.394,IL13,0,,,
586.0,CYTH4,Stim48hr,1,4.391,4.391,IL5,0,,,
587.0,CCNB1IP1,Stim8hr,1,4.39,4.39,IL2,0,,,
588.0,DUSP23,Stim8hr,1,4.389,4.389,IL22,0,,,
589.0,SLC27A2,Stim8hr,1,4.383,4.383,IL22,0,,,
590.0,KAT2B,Stim8hr,1,4.375,4.375,IL2,0,,,
591.0,FOXO3,Stim8hr,1,4.371,4.371,IL22,0,,,
592.0,ZFP36,Stim8hr,1,4.369,4.369,IL5,0,,,
593.0,ANKRD9,Stim8hr,1,4.367,4.367,IL5,0,,,
594.0,PILRB,Stim8hr,1,4.364,4.364,IL22,0,,,
595.0,ZNF518B,Stim8hr,1,4.364,4.364,IL22,0,,,
596.0,KCTD15,Stim8hr,1,4.363,4.363,IL22,0,,,
597.0,MKKS,Stim8hr,1,4.358,4.358,IL22,0,,,
598.0,FLCN,Stim48hr,1,4.356,4.356,IL2,1,3.311,3.311,CSF2
599.0,ARMCX3,Stim48hr,1,4.355,4.355,IL3,0,,,
600.0,TXNRD1,Stim48hr,1,4.352,4.352,CSF2,0,,,
601.0,PPP4R3A,Stim8hr,1,4.345,4.345,IL22,0,,,
602.0,PATL1,Stim8hr,1,4.343,4.343,IL22,0,,,
603.0,GADD45A,Stim48hr,1,4.339,4.339,IL2,0,,,
604.0,ATL3,Stim48hr,1,4.338,4.338,IL3,0,,,
605.0,LRRC40,Stim8hr,1,4.331,4.331,IL5,0,,,
606.0,VAMP1,Stim8hr,1,4.324,4.324,IL5,0,,,
607.0,OAZ1,Stim8hr,1,4.322,4.322,IL22,0,,,
608.0,GSS,Stim8hr,1,4.321,4.321,IL22,0,,,
609.0,HPF1,Stim48hr,1,4.32,4.32,IL3,0,,,
610.0,TRAF6,Stim48hr,1,4.319,4.319,IFNG,0,,,
611.0,ACP6,Stim48hr,1,4.312,4.312,IL21,0,,,
612.0,MT1X,Stim48hr,1,4.312,4.312,IL3,0,,,
613.0,PPP4C,Stim8hr,1,4.312,4.312,IL13,0,,,
614.0,CNPY3,Stim8hr,1,4.311,4.311,IL5,0,,,
615.0,LRFN4,Stim8hr,1,4.311,4.311,IL5,0,,,
616.0,KLHDC4,Stim8hr,1,4.306,4.306,IL5,0,,,
617.0,HDGFL3,Stim8hr,1,4.293,4.293,IL22,0,,,
618.0,MLX,Stim48hr,1,4.289,4.289,IL3,0,,,
619.0,SAFB,Stim8hr,1,4.289,4.289,IL22,0,,,
620.0,PRKCSH,Stim8hr,1,4.284,4.284,IL22,0,,,
621.0,PDSS1,Stim48hr,1,4.283,4.283,IL5,0,,,
622.0,TSPAN15,Stim48hr,1,4.267,4.267,IL3,0,,,
623.0,GPALPP1,Stim8hr,1,4.26,4.26,IL13,0,,,
624.0,SHC4,Stim8hr,1,4.259,4.259,IL5,0,,,
625.0,DOT1L,Stim8hr,1,4.258,4.258,IL2,0,,,
626.0,MSH2,Stim8hr,1,4.258,4.258,IL5,0,,,
627.0,PKM,Rest,1,4.258,4.258,IL2RA,0,,,
628.0,TMEM220,Stim8hr,1,4.257,4.257,IL5,0,,,
629.0,MAN1A1,Stim8hr,1,4.255,4.255,IL13,0,,,
630.0,GMNN,Stim8hr,1,4.252,4.252,IL22,0,,,
631.0,NDUFA9,Stim48hr,1,4.251,4.251,IL5,0,,,
632.0,SYNGR2,Stim48hr,1,4.249,4.249,IL2,0,,,
633.0,PHF11,Stim8hr,1,4.247,4.247,IL22,0,,,
634.0,INTS15,Stim48hr,1,4.246,4.246,IL5,1,3.143,3.143,IL10
635.0,USP14,Stim8hr,1,4.246,4.246,IL5,0,,,
636.0,SEC16A,Stim8hr,1,4.245,4.245,IL3,0,,,
637.0,SELENOK,Stim48hr,1,4.243,4.243,IL3,0,,,
638.0,GDI1,Stim48hr,1,4.237,4.237,IL3,0,,,
639.0,DENND10,Stim48hr,1,4.23,4.23,IL2,0,,,
640.0,FHIP2A,Stim48hr,1,4.228,4.228,IL2,0,,,
641.0,ZCCHC4,Stim8hr,1,4.227,4.227,IL22,0,,,
642.0,CDKN2AIPNL,Stim48hr,1,4.226,4.226,IL2,0,,,
643.0,FNBP4,Stim8hr,1,4.224,4.224,LTA,1,3.011,3.011,IL13
644.0,TBC1D19,Stim8hr,1,4.22,4.22,IL5,0,,,
645.0,G3BP2,Stim48hr,1,4.215,4.215,IL2,0,,,
646.0,WBP4,Stim48hr,1,4.208,4.208,IL13,0,,,
647.0,DUSP18,Stim48hr,1,4.207,4.207,IL5,0,,,
648.0,INTS14,Stim48hr,1,4.206,4.206,IL3,1,2.708,2.708,TNF
649.0,RNF166,Stim48hr,1,4.201,4.201,IL3,0,,,
650.0,SLC10A7,Stim8hr,1,4.2,4.2,IL3,0,,,
651.0,ATXN1L,Stim48hr,1,4.196,4.196,IL5,0,,,
652.0,NAA40,Stim8hr,1,4.196,4.196,LTA,0,,,
653.0,OTUD6B,Stim48hr,1,4.196,4.196,IL3,0,,,
654.0,ZCCHC8,Stim48hr,1,4.196,4.196,IL2RA,0,,,
655.0,PQBP1,Stim48hr,1,4.194,4.194,IL3,0,,,
656.0,TMEM200A,Stim8hr,1,4.193,4.193,IL22,0,,,
657.0,MAML2,Stim48hr,1,4.192,4.192,IL4,0,,,
658.0,STMN1,Stim48hr,1,4.192,4.192,IL3,0,,,
659.0,DHX9,Stim8hr,1,4.191,4.191,IL13,1,4.352,4.352,IL10
660.0,AGRN,Stim8hr,1,4.189,4.189,IL22,0,,,
661.0,HACD2,Stim48hr,1,4.189,4.189,IL5,0,,,
662.0,ARID5A,Rest,1,4.188,4.188,TNF,0,,,
663.0,CLSTN1,Stim8hr,1,4.184,4.184,IL22,0,,,
664.0,RAB2B,Stim48hr,1,4.183,4.183,IL4,0,,,
665.0,RFFL,Stim8hr,1,4.179,4.179,IL5,0,,,
666.0,FBF1,Stim8hr,1,4.178,4.178,IL5,0,,,
667.0,FAM219A,Stim48hr,1,4.175,4.175,IL3,0,,,
668.0,CENPV,Stim8hr,1,4.173,4.173,IL22,0,,,
669.0,TRIM8,Stim48hr,1,4.171,4.171,IL2,0,,,
670.0,WDR44,Stim8hr,1,4.169,4.169,IL22,0,,,
671.0,EME1,Stim8hr,1,4.163,4.163,IL5,1,4.367,4.367,IL10
672.0,DNAAF2,Stim48hr,1,4.15,4.15,IL3,1,3.498,3.498,CSF2
673.0,ZNF586,Stim8hr,1,4.144,4.144,IL5,0,,,
674.0,RREB1,Stim8hr,1,4.137,4.137,IL3,0,,,
675.0,UBE2I,Rest,1,4.137,4.137,IL2RA,0,,,
676.0,FMR1,Stim48hr,1,4.134,4.134,IL3,0,,,
677.0,TIGAR,Stim48hr,1,4.128,4.128,IL3,0,,,
678.0,TANK,Stim48hr,1,4.125,4.125,IL2RA,0,,,
679.0,HNRNPD,Stim48hr,1,4.12,4.12,IL2RA,0,,,
680.0,CEP350,Stim48hr,1,4.118,4.118,IL4,1,3.731,3.731,CTLA4
681.0,CRLF3,Stim8hr,1,4.118,4.118,IL5,0,,,
682.0,TMX2,Stim8hr,1,4.117,4.117,IL22,2,8.632,4.568,"IL2,TNF"
683.0,MAD2L1BP,Stim48hr,1,4.113,4.113,IL3,0,,,
684.0,CCDC91,Stim48hr,1,4.111,4.111,IL5,0,,,
685.0,MYO1D,Stim8hr,1,4.111,4.111,IL3,0,,,
686.0,RNF115,Stim48hr,1,4.103,4.103,IL3,1,4.818,4.818,IL21
687.0,CANX,Stim48hr,1,4.1,4.1,IL3,0,,,
688.0,SMIM29,Stim48hr,1,4.099,4.099,IL2,0,,,
689.0,UBXN2B,Stim8hr,1,4.091,4.091,IL5,0,,,
690.0,CCDC127,Stim8hr,1,4.089,4.089,IL5,0,,,
691.0,FANCM,Stim48hr,1,4.084,4.084,IL3,0,,,
692.0,SS18,Stim8hr,1,4.084,4.084,IL22,0,,,
693.0,CUL4B,Stim48hr,1,4.08,4.08,IL3,0,,,
694.0,EMB,Stim8hr,1,4.08,4.08,IL5,0,,,
695.0,PAPSS1,Rest,1,4.062,4.062,LTA,0,,,
696.0,TMBIM4,Stim8hr,1,4.058,4.058,IL2,0,,,
697.0,LIG4,Stim8hr,1,4.055,4.055,IL22,0,,,
698.0,YY1,Stim48hr,1,4.051,4.051,IL4,1,2.807,2.807,CTLA4
699.0,YEATS2,Stim8hr,1,4.05,4.05,IL22,1,2.843,2.843,IL5
700.0,AHR,Stim48hr,1,4.048,4.048,IL22,1,2.45,2.45,LTA
701.0,PEPD,Stim48hr,1,4.044,4.044,IL3,0,,,
702.0,DEDD,Stim48hr,1,4.041,4.041,IL5,0,,,
703.0,C1orf159,Stim8hr,1,4.037,4.037,IL5,0,,,
704.0,ARF4,Stim8hr,1,4.036,4.036,IL2,0,,,
705.0,PLXNA4,Stim8hr,1,4.028,4.028,IL22,1,4.071,4.071,IL2RA
706.0,ATP5MF,Stim8hr,1,4.025,4.025,IL5,0,,,
707.0,HDAC3,Stim48hr,1,4.024,4.024,IL5,0,,,
708.0,IRF2BP1,Stim48hr,1,4.02,4.02,IL13,1,3.469,3.469,CTLA4
709.0,JTB,Stim48hr,1,4.017,4.017,IL2RA,0,,,
710.0,TBL1XR1,Stim48hr,1,4.015,4.015,IL2,1,3.172,3.172,IL10
711.0,ACTR8,Rest,1,4.013,4.013,IL2RA,0,,,
712.0,BICD1,Stim48hr,1,4.013,4.013,IL21,0,,,
713.0,DCUN1D3,Stim48hr,1,4.011,4.011,IL3,0,,,
714.0,SUPT20H,Rest,1,4.009,4.009,TNF,3,9.156,3.29,"IL22,IL2RA,LTA"
715.0,HMBS,Stim48hr,1,4.005,4.005,IL5,0,,,
716.0,EID2,Stim8hr,1,4.002,4.002,IL4,0,,,
717.0,PAK2,Stim48hr,1,4.002,4.002,IL3,0,,,
718.0,CDCA3,Stim8hr,1,3.998,3.998,IL4,1,4.625,4.625,CTLA4
719.0,DMXL1,Stim8hr,1,3.993,3.993,IL22,0,,,
720.0,RASA2,Stim8hr,1,3.993,3.993,IL4,0,,,
721.0,GSTO1,Stim48hr,1,3.992,3.992,IL3,0,,,
722.0,SLC25A28,Stim8hr,1,3.99,3.99,IL22,0,,,
723.0,SEC16A,Stim48hr,1,3.986,3.986,IL3,0,,,
724.0,PCBP2,Stim48hr,1,3.967,3.967,IL2,0,,,
725.0,SETD1B,Rest,1,3.961,3.961,IL2RA,0,,,
726.0,HACD2,Stim8hr,1,3.954,3.954,IL5,0,,,
727.0,SLC2A1,Stim48hr,1,3.949,3.949,IL22,0,,,
728.0,HSF2,Stim48hr,1,3.935,3.935,IL5,0,,,
729.0,HDAC2,Stim48hr,1,3.933,3.933,IL4,0,,,
730.0,HECTD1,Stim48hr,1,3.932,3.932,IL4,0,,,
731.0,IL21,Stim48hr,1,3.931,3.931,IL21,0,,,
732.0,SSR3,Stim48hr,1,3.93,3.93,IL22,0,,,
733.0,FLI1,Stim8hr,1,3.925,3.925,IL5,0,,,
734.0,HOMER1,Stim48hr,1,3.919,3.919,IL4,0,,,
735.0,EFR3A,Rest,1,3.912,3.912,LTA,0,,,
736.0,UQCRB,Stim8hr,1,3.911,3.911,IL5,2,8.042,4.498,"IL10,IL2"
737.0,YES1,Stim8hr,1,3.909,3.909,IL5,0,,,
738.0,GABPB1,Stim8hr,1,3.905,3.905,IL5,1,2.883,2.883,IL10
739.0,MAPRE3,Stim48hr,1,3.901,3.901,IL3,0,,,
740.0,PPIL1,Stim48hr,1,3.901,3.901,IL3,0,,,
741.0,ATP5MF,Stim48hr,1,3.897,3.897,IL3,0,,,
742.0,DUSP23,Stim48hr,1,3.894,3.894,IL22,0,,,
743.0,TRADD,Stim8hr,1,3.892,3.892,IL22,0,,,
744.0,IDH3A,Stim8hr,1,3.89,3.89,IL3,1,3.942,3.942,IL10
745.0,NDUFA9,Stim8hr,1,3.889,3.889,IL22,1,3.521,3.521,IL2
746.0,GATA3,Rest,1,3.888,3.888,IL2RA,1,3.164,3.164,LTA
747.0,MFSD6,Stim8hr,1,3.881,3.881,IL22,0,,,
748.0,ARPC1B,Stim48hr,1,3.879,3.879,IL3,0,,,
749.0,NUBPL,Stim48hr,1,3.878,3.878,IL5,0,,,
750.0,FOXK1,Stim48hr,1,3.871,3.871,IL2,0,,,
751.0,ANKRD10,Stim8hr,1,3.868,3.868,IL22,0,,,
752.0,RBM26,Stim8hr,1,3.862,3.862,IL22,0,,,
753.0,COMMD4,Stim48hr,1,3.857,3.857,IL3,0,,,
754.0,RCCD1,Stim48hr,1,3.848,3.848,IL22,0,,,
755.0,COA3,Stim8hr,1,3.838,3.838,IL22,0,,,
756.0,SREBF2,Stim48hr,1,3.835,3.835,CSF2,0,,,
757.0,KNOP1,Stim48hr,1,3.834,3.834,IL2,0,,,
758.0,DTWD1,Stim8hr,1,3.833,3.833,IL2RA,0,,,
759.0,FEM1A,Stim8hr,1,3.833,3.833,TNF,0,,,
760.0,PRRC2A,Stim48hr,1,3.833,3.833,IL5,0,,,
761.0,NCBP3,Stim48hr,1,3.832,3.832,IL3,0,,,
762.0,FAM136A,Stim48hr,1,3.822,3.822,IL5,0,,,
763.0,SMARCD1,Stim8hr,1,3.82,3.82,IL5,0,,,
764.0,ERCC1,Stim8hr,1,3.81,3.81,LTA,0,,,
765.0,C18orf32,Stim48hr,1,3.808,3.808,IL13,1,3.955,3.955,IFNG
766.0,FANCL,Stim8hr,1,3.808,3.808,IL22,0,,,
767.0,JUNB,Stim48hr,1,3.808,3.808,IL2,0,,,
768.0,THG1L,Stim8hr,1,3.807,3.807,LTA,0,,,
769.0,MEAF6,Stim48hr,1,3.8,3.8,IL3,0,,,
770.0,XIAP,Stim8hr,1,3.8,3.8,IL22,0,,,
771.0,RCAN3,Stim8hr,1,3.798,3.798,IL5,0,,,
772.0,POLG,Stim8hr,1,3.795,3.795,IL5,0,,,
773.0,DPH6,Stim8hr,1,3.793,3.793,IL5,1,3.202,3.202,IL10
774.0,NDUFA5,Stim48hr,1,3.791,3.791,IFNG,0,,,
775.0,PPP3R1,Stim8hr,1,3.786,3.786,IL22,1,3.423,3.423,IL13
776.0,LSM14A,Stim8hr,1,3.785,3.785,IL5,0,,,
777.0,NDUFS2,Stim48hr,1,3.785,3.785,IL22,0,,,
778.0,COMMD9,Stim48hr,1,3.783,3.783,IL22,0,,,
779.0,IL21,Stim8hr,1,3.783,3.783,IL21,0,,,
780.0,REST,Stim8hr,1,3.776,3.776,IL22,1,3.186,3.186,IL10
781.0,PGK1,Stim48hr,1,3.768,3.768,IL13,1,4.028,4.028,CTLA4
782.0,SRM,Stim8hr,1,3.768,3.768,IL4,0,,,
783.0,PHF8,Stim8hr,1,3.766,3.766,IL22,0,,,
784.0,HMGXB4,Stim48hr,1,3.765,3.765,IL5,1,3.668,3.668,IL2
785.0,SLC25A51,Stim8hr,1,3.761,3.761,IL5,0,,,
786.0,TM9SF3,Stim8hr,1,3.76,3.76,IL3,0,,,
787.0,TIMM10,Stim8hr,1,3.756,3.756,IL5,1,3.661,3.661,IL3
788.0,PHF3,Stim48hr,1,3.755,3.755,IL2RA,0,,,
789.0,RAD50,Rest,1,3.752,3.752,TNF,0,,,
790.0,PRRC2C,Stim8hr,1,3.744,3.744,IL22,0,,,
791.0,APMAP,Stim8hr,1,3.742,3.742,IL5,0,,,
792.0,SSR3,Stim8hr,1,3.739,3.739,IL4,0,,,
793.0,FBRS,Stim8hr,1,3.738,3.738,IL5,0,,,
794.0,ITGB2,Stim48hr,1,3.736,3.736,IL22,0,,,
795.0,BRD1,Stim8hr,1,3.735,3.735,IFNG,1,3.093,3.093,CTLA4
796.0,CAND1,Rest,1,3.729,3.729,LTA,0,,,
797.0,HAX1,Stim48hr,1,3.729,3.729,IL2RA,0,,,
798.0,RCOR1,Stim8hr,1,3.728,3.728,IL5,0,,,
799.0,PAK2,Stim8hr,1,3.726,3.726,IL4,0,,,
800.0,ALAS1,Stim8hr,1,3.724,3.724,IL2RA,0,,,
801.0,DAP,Stim48hr,1,3.723,3.723,IL3,1,4.35,4.35,CTLA4
802.0,TANK,Stim8hr,1,3.719,3.719,IL4,0,,,
803.0,IST1,Rest,1,3.714,3.714,LTA,0,,,
804.0,DEK,Stim48hr,1,3.712,3.712,IL2RA,0,,,
805.0,IMMP2L,Rest,1,3.711,3.711,TNF,0,,,
806.0,MBD3,Stim8hr,1,3.703,3.703,IL13,0,,,
807.0,PHF8,Stim48hr,1,3.699,3.699,IL2RA,0,,,
808.0,CUL3,Stim48hr,1,3.696,3.696,IL4,1,2.801,2.801,IFNG
809.0,NCOA5,Stim48hr,1,3.695,3.695,IL2RA,0,,,
810.0,ATP5F1A,Stim8hr,1,3.688,3.688,IL22,0,,,
811.0,COA3,Stim48hr,1,3.688,3.688,IL2,1,3.561,3.561,LTA
812.0,PTEN,Rest,1,3.685,3.685,LTA,0,,,
813.0,RNF8,Stim48hr,1,3.685,3.685,IL3,0,,,
814.0,BCORL1,Stim48hr,1,3.68,3.68,IL3,0,,,
815.0,ABCC1,Stim48hr,1,3.676,3.676,IL3,0,,,
816.0,TMEM216,Stim48hr,1,3.675,3.675,IL3,0,,,
817.0,ZNF644,Stim48hr,1,3.668,3.668,IL2,0,,,
818.0,SNU13,Stim48hr,1,3.667,3.667,IL3,0,,,
819.0,ATF4,Stim48hr,1,3.665,3.665,IL5,0,,,
820.0,TTYH3,Stim8hr,1,3.664,3.664,IL3,0,,,
821.0,SOD2,Stim8hr,1,3.663,3.663,IL5,0,,,
822.0,DPY19L3,Stim48hr,1,3.659,3.659,IL2RA,1,3.595,3.595,CTLA4
823.0,CCDC6,Stim8hr,1,3.658,3.658,IL22,0,,,
824.0,LPCAT3,Stim8hr,1,3.658,3.658,IL22,0,,,
825.0,RIDA,Stim8hr,1,3.656,3.656,IL5,0,,,
826.0,RAB14,Stim48hr,1,3.652,3.652,IL2,0,,,
827.0,TBP,Stim8hr,1,3.651,3.651,IL2,0,,,
828.0,KLF16,Stim8hr,1,3.65,3.65,IL5,0,,,
829.0,PRELID1,Stim48hr,1,3.643,3.643,IFNG,0,,,
830.0,RANBP3,Stim8hr,1,3.643,3.643,IL5,0,,,
831.0,SIK3,Rest,1,3.643,3.643,LTA,2,7.551,4.416,"CSF2,IL2RA"
832.0,BZW2,Stim48hr,1,3.639,3.639,IL13,0,,,
833.0,CMTR1,Stim8hr,1,3.639,3.639,IL2RA,0,,,
834.0,RC3H1,Stim8hr,1,3.626,3.626,IL3,0,,,
835.0,POLG2,Stim8hr,1,3.624,3.624,IL22,0,,,
836.0,CHORDC1,Stim8hr,1,3.621,3.621,IL3,0,,,
837.0,KAT2B,Stim48hr,1,3.621,3.621,IL22,0,,,
838.0,PABIR1,Stim8hr,1,3.621,3.621,IL22,0,,,
839.0,DEF6,Stim8hr,1,3.617,3.617,LTA,0,,,
840.0,EIF4B,Stim48hr,1,3.617,3.617,IL3,0,,,
841.0,XRN1,Stim8hr,1,3.616,3.616,IL5,1,3.137,3.137,TNF
842.0,GGA3,Stim48hr,1,3.611,3.611,IL2,0,,,
843.0,MEN1,Stim8hr,1,3.608,3.608,IL22,0,,,
844.0,OTUD1,Stim8hr,1,3.607,3.607,IL5,3,13.142,5.664,"IFNG,IL2,IL3"
845.0,XIAP,Stim48hr,1,3.602,3.602,IL13,0,,,
846.0,CEP135,Stim8hr,1,3.599,3.599,IL22,0,,,
847.0,FAAP24,Stim8hr,1,3.598,3.598,IL2,1,3.793,3.793,IL10
848.0,MTPAP,Stim8hr,1,3.595,3.595,IL2RA,0,,,
849.0,EIF4G1,Rest,1,3.594,3.594,IL2RA,1,3.217,3.217,LTA
850.0,MED15,Stim8hr,1,3.594,3.594,IL5,1,3.448,3.448,IL2RA
851.0,PLEC,Stim48hr,1,3.592,3.592,IL22,0,,,
852.0,MLKL,Stim48hr,1,3.591,3.591,IL22,0,,,
853.0,LRRC8B,Stim48hr,1,3.585,3.585,IL2,0,,,
854.0,PIK3R4,Stim8hr,1,3.58,3.58,IL2RA,1,3.403,3.403,CSF2
855.0,NRAS,Stim8hr,1,3.579,3.579,IL5,0,,,
856.0,RHOF,Stim8hr,1,3.576,3.576,IL22,0,,,
857.0,GTF2H5,Stim8hr,1,3.575,3.575,IL22,1,3.219,3.219,IL2RA
858.0,SRP9,Stim8hr,1,3.574,3.574,IL2RA,1,3.49,3.49,CSF2
859.0,ITPR1,Stim48hr,1,3.572,3.572,IL2RA,0,,,
860.0,UQCRC2,Stim8hr,1,3.566,3.566,IL5,0,,,
861.0,ARHGAP30,Stim48hr,1,3.565,3.565,IL2RA,1,3.54,3.54,IL10
862.0,PPP1R13L,Stim8hr,1,3.564,3.564,IL22,0,,,
863.0,ADHFE1,Stim48hr,1,3.559,3.559,IL3,0,,,
864.0,TRAF6,Stim8hr,1,3.558,3.558,IL22,0,,,
865.0,B4GALT7,Rest,1,3.556,3.556,LTA,0,,,
866.0,DCAF4,Stim48hr,1,3.551,3.551,IL3,0,,,
867.0,SCAF8,Rest,1,3.551,3.551,IFNG,0,,,
868.0,STRAP,Stim8hr,1,3.547,3.547,IL5,0,,,
869.0,RBPJ,Stim48hr,1,3.545,3.545,IL5,0,,,
870.0,COLGALT1,Stim48hr,1,3.54,3.54,IL2,0,,,
871.0,FLAD1,Stim48hr,1,3.539,3.539,IL5,0,,,
872.0,RRAGA,Stim8hr,1,3.539,3.539,IL21,0,,,
873.0,TMED10,Stim48hr,1,3.538,3.538,IL13,0,,,
874.0,TRIM25,Stim8hr,1,3.537,3.537,IL22,0,,,
875.0,TIPARP,Stim48hr,1,3.53,3.53,IL21,0,,,
876.0,HOXB4,Stim8hr,1,3.527,3.527,IL4,0,,,
877.0,RBM27,Stim48hr,1,3.526,3.526,IL4,1,4.166,4.166,CSF2
878.0,MLLT3,Stim8hr,1,3.525,3.525,LTA,0,,,
879.0,SMARCC1,Stim8hr,1,3.519,3.519,IL13,0,,,
880.0,SPTLC2,Stim48hr,1,3.515,3.515,IL2,0,,,
881.0,NSD2,Stim8hr,1,3.514,3.514,IL5,1,3.234,3.234,IFNG
882.0,PRSS21,Stim48hr,1,3.514,3.514,IL3,0,,,
883.0,PGAM1,Stim48hr,1,3.512,3.512,IL2,0,,,
884.0,TPD52,Stim8hr,1,3.51,3.51,IL2RA,0,,,
885.0,STAT6,Stim48hr,1,3.508,3.508,IL3,5,19.183,4.919,"CSF2,IFNG,IL13,IL21,IL2RA"
886.0,TRMT61A,Stim8hr,1,3.508,3.508,IL5,0,,,
887.0,MTRES1,Stim8hr,1,3.504,3.504,IL2,0,,,
888.0,ATXN2L,Stim48hr,1,3.502,3.502,IL22,0,,,
889.0,PHIP,Stim48hr,1,3.502,3.502,IL3,0,,,
890.0,MED23,Stim8hr,1,3.5,3.5,LTA,2,9.021999999999998,5.01,"IL10,IL2RA"
891.0,RTRAF,Stim48hr,1,3.499,3.499,LTA,0,,,
892.0,SEC63,Stim8hr,1,3.492,3.492,IL3,0,,,
893.0,COQ6,Stim48hr,1,3.491,3.491,IL4,0,,,
894.0,GLS,Stim48hr,1,3.489,3.489,IL4,0,,,
895.0,PPAT,Stim8hr,1,3.489,3.489,IL5,0,,,
896.0,PCNX3,Rest,1,3.488,3.488,IL2RA,0,,,
897.0,LRIG1,Stim8hr,1,3.487,3.487,CSF2,0,,,
898.0,IFT172,Stim48hr,1,3.484,3.484,IL22,0,,,
899.0,HIPK1,Stim8hr,1,3.482,3.482,IL5,0,,,
900.0,EIF3H,Stim48hr,1,3.477,3.477,IL3,0,,,
901.0,FAF2,Stim8hr,1,3.475,3.475,IL2RA,1,3.39,3.39,IFNG
902.0,WAS,Stim48hr,1,3.469,3.469,IFNG,0,,,
903.0,BRPF1,Stim8hr,1,3.46,3.46,IL3,1,2.84,2.84,IL2RA
904.0,CENPE,Stim48hr,1,3.456,3.456,LTA,0,,,
905.0,ERCC4,Stim8hr,1,3.454,3.454,IL22,1,4.85,4.85,IL10
906.0,COP1,Stim8hr,1,3.453,3.453,LTA,0,,,
907.0,LSM14A,Stim48hr,1,3.453,3.453,IL4,0,,,
908.0,ZBTB17,Stim8hr,1,3.451,3.451,IL22,0,,,
909.0,PRORP,Stim48hr,1,3.45,3.45,IL3,0,,,
910.0,ZNF641,Stim48hr,1,3.449,3.449,IL3,0,,,
911.0,COX4I1,Stim48hr,1,3.446,3.446,IL3,0,,,
912.0,VPS41,Stim8hr,1,3.446,3.446,IL3,1,3.732,3.732,IL10
913.0,KRCC1,Stim8hr,1,3.437,3.437,IFNG,0,,,
914.0,PCYT2,Stim8hr,1,3.435,3.435,IL22,1,3.742,3.742,CSF2
915.0,CREBBP,Rest,1,3.433,3.433,TNF,0,,,
916.0,NDUFB2,Stim48hr,1,3.433,3.433,IL5,0,,,
917.0,HMBS,Stim8hr,1,3.43,3.43,IL13,2,6.228,3.365,"LTA,TNF"
918.0,PHF12,Stim48hr,1,3.43,3.43,LTA,0,,,
919.0,CYP4V2,Stim48hr,1,3.428,3.428,IL2RA,0,,,
920.0,CCDC22,Stim48hr,1,3.425,3.425,IL22,1,3.421,3.421,IL4
921.0,MCTS1,Stim48hr,1,3.424,3.424,IL2,1,2.783,2.783,IL2RA
922.0,MOV10,Stim8hr,1,3.423,3.423,IL3,0,,,
923.0,LAMTOR3,Stim8hr,1,3.417,3.417,IL3,0,,,
924.0,CBLL1,Stim8hr,1,3.416,3.416,IL2,1,3.129,3.129,IL10
925.0,GLRX3,Stim8hr,1,3.416,3.416,LTA,0,,,
926.0,SAP30,Stim48hr,1,3.411,3.411,IL2,0,,,
927.0,TSTD2,Stim8hr,1,3.411,3.411,IL22,0,,,
928.0,COX17,Stim8hr,1,3.399,3.399,IL2RA,0,,,
929.0,RCN1,Stim8hr,1,3.396,3.396,IL5,0,,,
930.0,CNOT10,Stim48hr,1,3.392,3.392,CSF2,0,,,
931.0,SMARCD1,Stim48hr,1,3.392,3.392,IL2,0,,,
932.0,SNRPB2,Stim48hr,1,3.389,3.389,IL5,1,3.69,3.69,CSF2
933.0,MDM4,Stim48hr,1,3.388,3.388,IL3,0,,,
934.0,FOSL2,Stim48hr,1,3.387,3.387,IL4,1,3.827,3.827,CTLA4
935.0,GALNT6,Stim8hr,1,3.384,3.384,LTA,0,,,
936.0,SRRD,Stim8hr,1,3.384,3.384,IL22,0,,,
937.0,LMLN,Stim48hr,1,3.38,3.38,LTA,0,,,
938.0,EGR3,Stim8hr,1,3.375,3.375,IL22,0,,,
939.0,TMEM234,Stim8hr,1,3.371,3.371,IL22,2,6.407,3.343,"CSF2,TNF"
940.0,NUP188,Stim48hr,1,3.369,3.369,IL5,0,,,
941.0,UBA2,Rest,1,3.368,3.368,IL2RA,0,,,
942.0,PPIH,Stim48hr,1,3.365,3.365,IL13,0,,,
943.0,PKN3,Stim48hr,1,3.361,3.361,IL21,0,,,
944.0,NGLY1,Stim48hr,1,3.357,3.357,IL5,0,,,
945.0,PAIP1,Stim8hr,1,3.351,3.351,LTA,0,,,
946.0,STRAP,Rest,1,3.35,3.35,IFNG,0,,,
947.0,DENR,Stim48hr,1,3.349,3.349,IL2,2,7.084,4.428,"CTLA4,IL2RA"
948.0,OGT,Stim8hr,1,3.347,3.347,IL3,0,,,
949.0,TFAP4,Stim48hr,1,3.347,3.347,IL5,0,,,
950.0,SYVN1,Stim8hr,1,3.344,3.344,IL3,0,,,
951.0,TTC7A,Stim8hr,1,3.342,3.342,IL3,0,,,
952.0,OTUB1,Stim48hr,1,3.339,3.339,IL2,0,,,
953.0,ATM,Stim48hr,1,3.329,3.329,IL4,0,,,
954.0,P4HB,Stim48hr,1,3.329,3.329,IL2,0,,,
955.0,RHOF,Rest,1,3.329,3.329,LTA,0,,,
956.0,IST1,Stim8hr,1,3.327,3.327,IL2RA,2,6.396,3.294,"IL2,TNF"
957.0,SP2,Stim48hr,1,3.327,3.327,IL2,0,,,
958.0,PTEN,Stim48hr,1,3.307,3.307,IL22,0,,,
959.0,SLF1,Stim8hr,1,3.306,3.306,IFNG,0,,,
960.0,RPN1,Stim8hr,1,3.305,3.305,LTA,0,,,
961.0,IMMT,Rest,1,3.304,3.304,IL2RA,0,,,
962.0,NCAPD3,Stim48hr,1,3.3,3.3,IL2,0,,,
963.0,PFDN4,Stim48hr,1,3.3,3.3,IL3,1,5.674,5.674,CTLA4
964.0,PIK3CD,Stim48hr,1,3.299,3.299,LTA,0,,,
965.0,MYH9,Rest,1,3.293,3.293,TNF,1,4.679,4.679,IL2RA
966.0,RAB21,Stim48hr,1,3.293,3.293,IL3,0,,,
967.0,BTAF1,Stim8hr,1,3.292,3.292,IL5,1,6.98,6.98,IL2RA
968.0,UBE3D,Stim8hr,1,3.275,3.275,LTA,0,,,
969.0,MYC,Stim8hr,1,3.273,3.273,IL5,4,14.343,4.706,"CSF2,IFNG,IL2,TNF"
970.0,UBE2H,Stim8hr,1,3.269,3.269,IL2,0,,,
971.0,USP24,Stim48hr,1,3.269,3.269,LTA,0,,,
972.0,WAPL,Stim48hr,1,3.265,3.265,IL3,0,,,
973.0,DGKZ,Stim48hr,1,3.264,3.264,IL13,0,,,
974.0,GIGYF2,Stim48hr,1,3.26,3.26,IL13,0,,,
975.0,SBDS,Stim48hr,1,3.259,3.259,IL5,0,,,
976.0,BRD1,Stim48hr,1,3.249,3.249,IL2RA,0,,,
977.0,RNASEH2A,Stim48hr,1,3.242,3.242,LTA,1,3.56,3.56,IL3
978.0,PAGR1,Stim8hr,1,3.24,3.24,LTA,0,,,
979.0,SZRD1,Stim48hr,1,3.238,3.238,LTA,0,,,
980.0,SOCS3,Stim8hr,1,3.235,3.235,IL22,2,7.103,3.765,"LTA,TNF"
981.0,UQCRC2,Stim48hr,1,3.23,3.23,IL3,0,,,
982.0,DLD,Stim8hr,1,3.228,3.228,IL22,0,,,
983.0,HSPA14,Stim8hr,1,3.222,3.222,IL5,0,,,
984.0,SRR,Stim8hr,1,3.221,3.221,IL5,0,,,
985.0,ALG3,Stim8hr,1,3.217,3.217,IL5,1,3.49,3.49,IL10
986.0,LARS2,Stim8hr,1,3.216,3.216,IL5,0,,,
987.0,SMIM7,Stim48hr,1,3.212,3.212,IL4,0,,,
988.0,DAPK2,Stim48hr,1,3.21,3.21,IL2RA,0,,,
989.0,NAA40,Stim48hr,1,3.208,3.208,IL22,1,3.352,3.352,IL10
990.0,LRPPRC,Stim8hr,1,3.207,3.207,IL5,0,,,
991.0,APC,Stim8hr,1,3.205,3.205,IL22,0,,,
992.0,HNRNPA2B1,Stim8hr,1,3.204,3.204,IL2RA,1,3.396,3.396,IL22
993.0,SH3GL1,Stim48hr,1,3.198,3.198,IFNG,0,,,
994.0,DDX39B,Stim48hr,1,3.19,3.19,IL3,0,,,
995.0,UPF2,Stim8hr,1,3.19,3.19,IL5,2,7.862,5.05,"IL2RA,LTA"
996.0,CBX5,Stim8hr,1,3.189,3.189,IL5,0,,,
997.0,GSS,Stim48hr,1,3.189,3.189,IL4,0,,,
998.0,MBD2,Rest,1,3.188,3.188,LTA,0,,,
999.0,WDR7,Stim8hr,1,3.188,3.188,IL22,0,,,
1000.0,APC,Rest,1,3.173,3.173,LTA,2,9.837,6.795,"IL13,IL2RA"
1001.0,ITGB2,Stim8hr,1,3.17,3.17,IL5,0,,,
1002.0,CCNF,Stim48hr,1,3.169,3.169,IL2,0,,,
1003.0,GANAB,Rest,1,3.166,3.166,IL2RA,0,,,
1004.0,INO80B,Stim48hr,1,3.165,3.165,IL2,0,,,
1005.0,PKM,Stim48hr,1,3.158,3.158,IL2RA,1,3.703,3.703,IL2
1006.0,ZNF644,Stim8hr,1,3.157,3.157,IL2,0,,,
1007.0,ABCA3,Stim48hr,1,3.153,3.153,IL2,0,,,
1008.0,TMED2,Stim8hr,1,3.153,3.153,IL5,0,,,
1009.0,SETD1B,Stim8hr,1,3.15,3.15,CSF2,0,,,
1010.0,INO80C,Stim48hr,1,3.142,3.142,IL22,0,,,
1011.0,MCM8,Stim8hr,1,3.135,3.135,IL2,0,,,
1012.0,ADAM19,Stim8hr,1,3.133,3.133,IL4,2,7.013,4.029,"IL10,IL23R"
1013.0,RC3H1,Stim48hr,1,3.133,3.133,IL3,0,,,
1014.0,COA7,Stim8hr,1,3.132,3.132,IL5,0,,,
1015.0,GPATCH8,Stim48hr,1,3.132,3.132,IL3,0,,,
1016.0,TMED9,Stim48hr,1,3.13,3.13,IL3,1,3.421,3.421,IL2RA
1017.0,TNPO1,Stim8hr,1,3.13,3.13,IL5,2,7.414999999999999,4.802,"LTA,TNF"
1018.0,CCNK,Stim48hr,1,3.126,3.126,IL4,1,3.014,3.014,CTLA4
1019.0,COASY,Stim8hr,1,3.123,3.123,IL13,1,3.717,3.717,TNF
1020.0,L3MBTL2,Stim48hr,1,3.12,3.12,IL3,0,,,
1021.0,PFDN6,Stim8hr,1,3.115,3.115,IL13,0,,,
1022.0,AMBRA1,Stim48hr,1,3.114,3.114,IL2RA,0,,,
1023.0,GATAD1,Stim8hr,1,3.113,3.113,IL22,0,,,
1024.0,CYC1,Stim8hr,1,3.112,3.112,IL4,1,2.969,2.969,IL10
1025.0,GCN1,Stim48hr,1,3.11,3.11,IL4,0,,,
1026.0,CDIPT,Stim8hr,1,3.106,3.106,IL22,0,,,
1027.0,MLYCD,Stim48hr,1,3.105,3.105,IL3,0,,,
1028.0,SHLD1,Stim48hr,1,3.105,3.105,IL13,0,,,
1029.0,PRPF38B,Stim8hr,1,3.102,3.102,IL22,0,,,
1030.0,ZNF148,Stim48hr,1,3.101,3.101,IL2RA,0,,,
1031.0,CYB5RL,Stim48hr,1,3.098,3.098,IL22,1,2.904,2.904,IL10
1032.0,FNBP4,Stim48hr,1,3.097,3.097,IL2,2,5.946,3.087,"IL10,IL21"
1033.0,MICOS10,Stim48hr,1,3.095,3.095,IL3,0,,,
1034.0,ZBTB44,Stim48hr,1,3.095,3.095,IL3,0,,,
1035.0,TMEM79,Stim8hr,1,3.084,3.084,IL4,0,,,
1036.0,SARS2,Stim48hr,1,3.082,3.082,IL3,1,3.363,3.363,IFNG
1037.0,UQCRQ,Stim8hr,1,3.081,3.081,IL4,2,7.559,4.484,"IFNG,IL10"
1038.0,NSUN4,Stim48hr,1,3.078,3.078,IL22,0,,,
1039.0,HS3ST3B1,Stim48hr,1,3.075,3.075,IL5,0,,,
1040.0,CAP1,Stim8hr,1,3.069,3.069,LTA,0,,,
1041.0,COX19,Stim8hr,1,3.068,3.068,IL22,0,,,
1042.0,THAP11,Stim48hr,1,3.065,3.065,IL21,0,,,
1043.0,SLC25A51,Stim48hr,1,3.06,3.06,IFNG,0,,,
1044.0,MYB,Stim48hr,1,3.059,3.059,IL3,1,2.811,2.811,IL22
1045.0,UBC,Rest,1,3.058,3.058,LTA,0,,,
1046.0,UQCRC1,Stim8hr,1,3.056,3.056,IL2RA,0,,,
1047.0,ING5,Stim8hr,1,3.053,3.053,IL2,1,3.217,3.217,LTA
1048.0,CHURC1,Stim8hr,1,3.049,3.049,LTA,0,,,
1049.0,SSBP1,Stim8hr,1,3.046,3.046,IL2RA,0,,,
1050.0,SCAP,Stim48hr,1,3.042,3.042,IFNG,0,,,
1051.0,PDSS2,Rest,1,3.038,3.038,IL13,0,,,
1052.0,PCBP2,Stim8hr,1,3.037,3.037,TNF,0,,,
1053.0,MED23,Stim48hr,1,3.029,3.029,IL2,1,5.794,5.794,IL2RA
1054.0,COQ3,Stim48hr,1,3.028,3.028,CSF2,0,,,
1055.0,ZFYVE21,Stim48hr,1,3.028,3.028,IL4,0,,,
1056.0,ME3,Stim48hr,1,3.027,3.027,IL3,1,2.886,2.886,IL13
1057.0,IKBKB,Stim48hr,1,3.025,3.025,IL2,0,,,
1058.0,NARS2,Stim48hr,1,3.017,3.017,IL3,0,,,
1059.0,NELFCD,Stim8hr,1,3.016,3.016,IL22,2,9.463,5.752,"IL2RA,TNF"
1060.0,CXXC1,Rest,1,3.011,3.011,TNF,2,7.898,4.874,"IL13,IL2RA"
1061.0,COX10,Stim8hr,1,3.01,3.01,LTA,1,2.856,2.856,IFNG
1062.0,NKAPD1,Stim8hr,1,3.009,3.009,IL22,1,3.268,3.268,TNF
1063.0,ADAM19,Stim48hr,1,3.008,3.008,IL4,2,10.902,7.38,"IFNG,IL23R"
1064.0,TIPRL,Stim48hr,1,3.008,3.008,IL2RA,0,,,
1065.0,FITM1,Rest,1,3.005,3.005,IL2RA,0,,,
1066.0,INO80,Stim8hr,1,3.005,3.005,IL5,0,,,
1067.0,ORAI1,Stim8hr,1,2.999,2.999,IL3,4,12.835,3.826,"IL13,IL2,IL21,TNF"
1068.0,GLS,Stim8hr,1,2.993,2.993,IL4,0,,,
1069.0,SAP130,Stim48hr,1,2.99,2.99,IL5,0,,,
1070.0,SND1,Stim48hr,1,2.987,2.987,IL2,0,,,
1071.0,INTS10,Stim48hr,1,2.986,2.986,IL4,3,8.778,3.164,"CTLA4,IL3,LTA"
1072.0,KMT2C,Stim48hr,1,2.986,2.986,CSF2,0,,,
1073.0,MTRR,Stim48hr,1,2.972,2.972,IL3,0,,,
1074.0,CCNQ,Stim8hr,1,2.971,2.971,IL2RA,3,8.503,2.892,"CTLA4,IL13,LTA"
1075.0,TTC4,Rest,1,2.97,2.97,CSF2,1,2.972,2.972,LTA
1076.0,LSM12,Stim48hr,1,2.969,2.969,LTA,0,,,
1077.0,ELP3,Stim8hr,1,2.965,2.965,IL5,5,26.040999999999997,6.361,"CSF2,IFNG,IL2,IL21,IL3"
1078.0,ATP5ME,Stim48hr,1,2.961,2.961,IFNG,0,,,
1079.0,MED1,Stim8hr,1,2.961,2.961,IL4,1,2.818,2.818,IL10
1080.0,RNASEH1,Stim48hr,1,2.958,2.958,IL3,0,,,
1081.0,EIF3L,Stim48hr,1,2.953,2.953,IL2RA,0,,,
1082.0,CCR4,Rest,1,2.951,2.951,LTA,3,19.335,11.298,"IFNG,IL2RA,IL3"
1083.0,DHPS,Stim8hr,1,2.948,2.948,IL22,2,7.7459999999999996,4.499,"IL2,IL5"
1084.0,NDUFB4,Stim48hr,1,2.947,2.947,IFNG,0,,,
1085.0,LETM2,Stim48hr,1,2.945,2.945,IL13,3,13.853,6.614,"IL2,IL3,TNF"
1086.0,SLC5A3,Stim48hr,1,2.944,2.944,LTA,0,,,
1087.0,CTDSPL2,Stim48hr,1,2.943,2.943,IL5,0,,,
1088.0,TAF5L,Rest,1,2.943,2.943,TNF,0,,,
1089.0,LCK,Rest,1,2.94,2.94,IL2RA,0,,,
1090.0,ZNF613,Stim8hr,1,2.933,2.933,IL3,0,,,
1091.0,THAP11,Stim8hr,1,2.932,2.932,IL2,1,2.661,2.661,LTA
1092.0,L2HGDH,Stim8hr,1,2.93,2.93,IL13,0,,,
1093.0,DDX6,Stim48hr,1,2.921,2.921,IL22,3,11.268,5.19,"IFNG,IL21,IL3"
1094.0,SEC63,Stim48hr,1,2.92,2.92,IL3,0,,,
1095.0,ZRSR2,Stim8hr,1,2.908,2.908,IL13,0,,,
1096.0,ZNF785,Stim48hr,1,2.907,2.907,IL2RA,0,,,
1097.0,USP7,Stim48hr,1,2.906,2.906,IL21,2,6.535,3.569,"IL13,IL2RA"
1098.0,MIOS,Stim48hr,1,2.898,2.898,IFNG,1,4.068,4.068,IL2RA
1099.0,KDM1A,Rest,1,2.879,2.879,CSF2,0,,,
1100.0,HAPSTR1,Stim8hr,1,2.878,2.878,IL5,0,,,
1101.0,FOXO1,Stim8hr,1,2.877,2.877,IFNG,0,,,
1102.0,PPP3R1,Stim48hr,1,2.874,2.874,IL22,0,,,
1103.0,C6orf62,Rest,1,2.868,2.868,LTA,0,,,
1104.0,DCP2,Stim48hr,1,2.865,2.865,IL5,2,5.848,3.04,"IL23R,TNF"
1105.0,LBH,Stim8hr,1,2.865,2.865,IL2,1,3.105,3.105,IL3
1106.0,FN3K,Stim48hr,1,2.864,2.864,CSF2,0,,,
1107.0,TIMM8B,Stim8hr,1,2.864,2.864,IL4,1,3.048,3.048,TNF
1108.0,EIF3H,Stim8hr,1,2.854,2.854,IFNG,2,12.219999999999999,6.188,"LTA,TNF"
1109.0,MYO9A,Stim48hr,1,2.846,2.846,LTA,0,,,
1110.0,ATP2A3,Stim8hr,1,2.845,2.845,IL3,0,,,
1111.0,COX19,Stim48hr,1,2.841,2.841,IL5,0,,,
1112.0,PCBP1,Stim8hr,1,2.829,2.829,IL4,1,3.059,3.059,CTLA4
1113.0,EMC4,Stim48hr,1,2.827,2.827,IL5,4,15.329,4.994,"CSF2,IL21,IL4,LTA"
1114.0,RIDA,Stim48hr,1,2.826,2.826,IL4,2,9.76,6.545,"CSF2,IFNG"
1115.0,WDR59,Stim48hr,1,2.823,2.823,IL21,1,3.093,3.093,IL2RA
1116.0,UBXN1,Stim8hr,1,2.82,2.82,IL22,2,5.918,3.121,"CTLA4,IL5"
1117.0,GRSF1,Stim48hr,1,2.815,2.815,IL5,0,,,
1118.0,IL12RB2,Stim8hr,1,2.815,2.815,IL4,1,5.063,5.063,IL23R
1119.0,TMEM214,Stim8hr,1,2.809,2.809,IL5,0,,,
1120.0,GTF3C6,Stim8hr,1,2.804,2.804,IL22,3,11.632000000000001,5.533,"CSF2,IFNG,TNF"
1121.0,AHR,Stim8hr,1,2.8,2.8,IL22,6,18.787999999999997,3.981,"IFNG,IL10,IL2,IL21,IL3,LTA"
1122.0,PEX6,Stim8hr,1,2.799,2.799,IL3,0,,,
1123.0,DDX6,Rest,1,2.796,2.796,LTA,1,4.858,4.858,IL13
1124.0,COG6,Stim48hr,1,2.79,2.79,IL3,0,,,
1125.0,USP7,Rest,1,2.785,2.785,TNF,1,2.676,2.676,IL2RA
1126.0,COX6C,Stim48hr,1,2.782,2.782,IL2,0,,,
1127.0,DPH1,Stim8hr,1,2.778,2.778,IL21,1,3.971,3.971,IL2RA
1128.0,MTHFD1L,Stim48hr,1,2.769,2.769,IL3,0,,,
1129.0,COA7,Stim48hr,1,2.757,2.757,TNF,0,,,
1130.0,METTL1,Stim8hr,1,2.736,2.736,IL5,1,3.238,3.238,CSF2
1131.0,CDK13,Stim8hr,1,2.716,2.716,LTA,0,,,
1132.0,DPH6,Stim48hr,1,2.707,2.707,IL2,2,6.655,3.705,"IL13,IL2RA"
1133.0,SLC16A1,Stim48hr,1,2.7,2.7,IL3,1,3.0,3.0,CTLA4
1134.0,RPTOR,Stim8hr,1,2.69,2.69,IFNG,1,3.063,3.063,LTA
1135.0,ATAD3A,Stim48hr,1,2.677,2.677,IL5,1,2.566,2.566,IL2
1136.0,STK11,Rest,1,2.673,2.673,LTA,1,8.794,8.794,IL2RA
1137.0,STAT5B,Rest,1,2.663,2.663,LTA,0,,,
1138.0,ATXN7L3,Stim8hr,1,2.655,2.655,IL3,3,12.26,6.693,"IFNG,IL2RA,IL5"
1139.0,UBE2L3,Stim48hr,1,2.655,2.655,IL3,0,,,
1140.0,PDCD5,Stim48hr,1,2.648,2.648,IL2,0,,,
1141.0,ATF7IP2,Stim8hr,1,2.635,2.635,IL22,0,,,
1142.0,RCC1L,Stim48hr,1,2.596,2.596,TNF,1,2.908,2.908,IL10
1143.0,STIP1,Stim48hr,1,2.58,2.58,IL4,1,2.953,2.953,CTLA4
1144.0,PAXIP1,Rest,1,2.573,2.573,IL2RA,0,,,
1145.0,SP140L,Rest,1,2.572,2.572,IL2RA,0,,,
1146.0,PPIH,Stim8hr,1,2.567,2.567,IL2RA,3,8.759,3.219,"IL10,IL2,IL3"
1147.0,NDUFA8,Stim48hr,1,2.507,2.507,IFNG,0,,,
1148.0,TIPRL,Stim8hr,1,2.488,2.488,IL4,0,,,
1149.0,SMARCA5,Stim8hr,1,2.477,2.477,IL3,1,3.87,3.87,LTA
1150.0,MED24,Rest,1,2.428,2.428,LTA,1,4.542,4.542,IL2RA
,ABCC1,Rest,0,,,,2,8.515,4.569,"IL21,IL4"
,ABHD12,Rest,0,,,,2,5.943,3.147,"IFNG,IL2RA"
,ABHD5,Rest,0,,,,1,5.093,5.093,IL22
,ABHD6,Rest,0,,,,2,11.216999999999999,5.869,"IL2,IL3"
,ACAP1,Stim8hr,0,,,,1,4.859,4.859,IFNG
,ACLY,Stim8hr,0,,,,1,2.895,2.895,IL10
,ACSL6,Rest,0,,,,2,7.7940000000000005,4.974,"IFNG,LTA"
,ACTR2,Stim48hr,0,,,,1,3.786,3.786,CTLA4
,ACYP2,Stim48hr,0,,,,1,3.854,3.854,IFNG
,ADAM19,Rest,0,,,,1,4.337,4.337,IL22
,ADAMTS10,Rest,0,,,,2,18.683,10.272,"IL2,IL3"
,ADNP,Stim8hr,0,,,,1,3.695,3.695,IFNG
,ADNP2,Stim48hr,0,,,,2,7.737,4.163,"IFNG,IL4"
,ADORA2A,Stim8hr,0,,,,1,4.934,4.934,IFNG
,ADRB2,Rest,0,,,,3,16.442999999999998,6.15,"CSF2,IFNG,IL2"
,AHR,Rest,0,,,,7,23.675,5.099,"IFNG,IL13,IL21,IL2RA,IL4,IL5,LTA"
,AKAP1,Stim48hr,0,,,,1,4.325,4.325,IL23R
,AKR1C3,Rest,0,,,,3,18.97,7.267,"CSF2,IFNG,IL3"
,ALDH18A1,Stim48hr,0,,,,1,3.962,3.962,IL3
,ALG6,Stim8hr,0,,,,1,3.783,3.783,TNF
,ALKBH2,Stim48hr,0,,,,1,7.208,7.208,IL23R
,ALKBH2,Stim8hr,0,,,,2,7.890000000000001,4.154,"IL22,IL23R"
,ANAPC15,Rest,0,,,,1,4.148,4.148,IL2
,ANKRD11,Stim8hr,0,,,,1,4.968,4.968,IFNG
,ANP32B,Stim8hr,0,,,,2,6.5600000000000005,3.612,"IL2,TNF"
,AP1M1,Stim48hr,0,,,,1,3.984,3.984,CTLA4
,AP1S2,Rest,0,,,,2,8.475000000000001,4.304,"IL22,IL2RA"
,APBB1,Rest,0,,,,2,17.15,11.221,"CSF2,IL3"
,ARF1,Rest,0,,,,1,2.728,2.728,LTA
,ARHGAP30,Rest,0,,,,1,3.057,3.057,IL2RA
,ARHGAP45,Rest,0,,,,1,5.351,5.351,IFNG
,ARHGAP45,Stim8hr,0,,,,1,4.727,4.727,IL10
,ARHGEF6,Rest,0,,,,1,5.227,5.227,IL3
,ARIH1,Rest,0,,,,1,3.769,3.769,IL2RA
,ARIH1,Stim8hr,0,,,,4,15.183,5.335,"CSF2,IL13,IL2RA,IL3"
,ARL16,Stim8hr,0,,,,1,5.196,5.196,IL2
,ARMC8,Stim48hr,0,,,,2,9.164,5.568,"IL2,IL23R"
,ARNT,Rest,0,,,,2,7.801,4.644,"IL2RA,LTA"
,ARPC1B,Stim8hr,0,,,,1,3.386,3.386,CSF2
,ARPC3,Stim48hr,0,,,,1,3.596,3.596,LTA
,ARPC3,Stim8hr,0,,,,2,6.3260000000000005,3.178,"IL10,IL3"
,ATG101,Stim48hr,0,,,,1,4.164,4.164,IFNG
,ATP1B3,Rest,0,,,,1,3.088,3.088,IL2RA
,ATP1B3,Stim48hr,0,,,,5,18.669,4.651,"CSF2,IFNG,IL2,IL3,IL4"
,ATP1B3,Stim8hr,0,,,,2,8.914,5.451,"CSF2,IL2"
,ATP2A2,Rest,0,,,,5,25.546,9.704,"CSF2,IFNG,IL21,IL2RA,TNF"
,ATP5F1A,Rest,0,,,,5,39.729,11.973,"CSF2,IFNG,IL2,IL3,TNF"
,ATP5ME,Rest,0,,,,1,3.41,3.41,CSF2
,ATP6V0A2,Stim8hr,0,,,,1,3.562,3.562,IL2
,ATRX,Rest,0,,,,1,4.354,4.354,IL22
,ATRX,Stim8hr,0,,,,1,2.809,2.809,CSF2
,ATXN3,Stim48hr,0,,,,1,4.866,4.866,IFNG
,B3GNT2,Rest,0,,,,3,20.003,10.099,"IFNG,IL2,IL3"
,BAHD1,Rest,0,,,,1,8.438,8.438,IL3
,BBC3,Rest,0,,,,1,4.323,4.323,IFNG
,BCL2,Rest,0,,,,1,4.341,4.341,IFNG
,BLOC1S2,Stim8hr,0,,,,1,4.664,4.664,IL2
,BMI1,Rest,0,,,,1,4.055,4.055,IL2
,BNIP2,Rest,0,,,,1,4.219,4.219,IL2
,BPTF,Stim48hr,0,,,,2,7.409,4.326,"IFNG,IL2"
,BRI3BP,Stim48hr,0,,,,1,4.314,4.314,IL3
,BRK1,Rest,0,,,,1,3.979,3.979,IL2RA
,BRK1,Stim8hr,0,,,,1,2.702,2.702,IL2RA
,C10orf88,Stim8hr,0,,,,1,3.874,3.874,TNF
,C1orf21,Rest,0,,,,1,2.56,2.56,IFNG
,C8orf33,Stim48hr,0,,,,1,6.152,6.152,IL23R
,C8orf33,Stim8hr,0,,,,1,3.554,3.554,IL22
,CACNB1,Stim48hr,0,,,,1,5.666,5.666,IL5
,CAND1,Stim48hr,0,,,,1,2.877,2.877,IFNG
,CAND1,Stim8hr,0,,,,1,2.801,2.801,IL22
,CAP1,Rest,0,,,,1,3.453,3.453,IL13
,CARM1,Rest,0,,,,1,3.539,3.539,IL13
,CBFA2T2,Stim8hr,0,,,,1,4.378,4.378,IL10
,CBFB,Rest,0,,,,1,10.452,10.452,IL2RA
,CBL,Stim8hr,0,,,,1,3.743,3.743,IL2RA
,CBLB,Stim8hr,0,,,,4,18.113000000000003,6.266,"CSF2,IFNG,IL3,TNF"
,CBLL1,Stim48hr,0,,,,1,3.617,3.617,IL5
,CCAR1,Stim8hr,0,,,,2,7.558,4.168,"IL2,LTA"
,CCDC134,Rest,0,,,,1,4.369,4.369,IL3
,CCDC134,Stim48hr,0,,,,4,16.449,5.496,"CSF2,IL2RA,IL3,LTA"
,CCDC134,Stim8hr,0,,,,1,3.73,3.73,IL3
,CCDC28B,Stim8hr,0,,,,1,4.714,4.714,TNF
,CCNA2,Rest,0,,,,1,2.918,2.918,IL2RA
,CCNC,Rest,0,,,,3,8.423,3.465,"IL22,IL2RA,LTA"
,CCNC,Stim8hr,0,,,,2,8.019,5.078,"IL22,IL23R"
,CD5,Stim48hr,0,,,,1,2.717,2.717,CSF2
,CD6,Rest,0,,,,1,4.415,4.415,CSF2
,CD7,Rest,0,,,,1,6.447,6.447,IL2
,CD7,Stim48hr,0,,,,2,8.3,4.183,"IFNG,IL2"
,CD9,Rest,0,,,,1,4.152,4.152,IL13
,CDADC1,Rest,0,,,,1,3.425,3.425,IL2RA
,CDC25B,Rest,0,,,,2,8.644,4.456,"IL13,IL2RA"
,CDC25B,Stim8hr,0,,,,2,5.713,2.93,"IL13,IL21"
,CDCA7L,Stim8hr,0,,,,1,5.11,5.11,IL4
,CENPB,Stim48hr,0,,,,1,4.313,4.313,IL2
,CEP135,Stim48hr,0,,,,1,3.314,3.314,CSF2
,CHD4,Rest,0,,,,2,5.901,3.051,"IL2RA,LTA"
,CHD4,Stim48hr,0,,,,1,2.968,2.968,IL5
,CHD4,Stim8hr,0,,,,3,9.404,3.335,"IL2,IL2RA,TNF"
,CHD6,Stim8hr,0,,,,1,4.836,4.836,IL22
,CHEK2,Rest,0,,,,1,8.03,8.03,IL2RA
,CHMP1A,Stim8hr,0,,,,1,3.293,3.293,CSF2
,CHTF18,Stim48hr,0,,,,1,2.94,2.94,IL2RA
,CIT,Rest,0,,,,1,4.422,4.422,LTA
,CLDND2,Stim8hr,0,,,,1,4.429,4.429,IL13
,CMAS,Stim8hr,0,,,,1,4.08,4.08,IL10
,CNOT11,Stim48hr,0,,,,3,11.475,5.349,"IL13,IL21,IL4"
,COLGALT1,Stim8hr,0,,,,1,4.548,4.548,IL10
,COPS8,Rest,0,,,,2,7.086,3.772,"IL13,IL2RA"
,COQ2,Stim8hr,0,,,,1,3.021,3.021,IL10
,COQ3,Stim8hr,0,,,,1,4.283,4.283,IL10
,COX15,Rest,0,,,,1,4.956,4.956,IL22
,COX6B1,Stim8hr,0,,,,1,4.706,4.706,IL10
,CPEB3,Rest,0,,,,2,14.268,7.983,"IFNG,IL3"
,CPSF6,Rest,0,,,,1,5.875,5.875,IL2RA
,CREB1,Stim48hr,0,,,,1,2.99,2.99,IL10
,CROT,Stim8hr,0,,,,4,16.544,5.805,"IL13,IL2,IL21,IL4"
,CSNK2A1,Stim48hr,0,,,,1,3.56,3.56,IL10
,CSNK2A1,Stim8hr,0,,,,1,3.264,3.264,IL10
,CSNK2A2,Stim48hr,0,,,,1,4.37,4.37,IL2
,CSTF2T,Stim8hr,0,,,,1,4.479,4.479,IL21
,CTLA4,Stim48hr,0,,,,1,13.303,13.303,CTLA4
,CTLA4,Stim8hr,0,,,,1,9.697,9.697,CTLA4
,CUEDC2,Rest,0,,,,2,7.829,4.037,"CSF2,IL21"
,CUL3,Rest,0,,,,4,13.644,3.766,"CSF2,IL2,IL2RA,IL3"
,CUL3,Stim8hr,0,,,,2,6.708,3.772,"CSF2,IL2"
,CUL4A,Stim8hr,0,,,,1,5.223,5.223,IL2RA
,CUL5,Stim48hr,0,,,,1,3.653,3.653,IL13
,CYB561D2,Rest,0,,,,1,3.776,3.776,IFNG
,CYB5D2,Stim48hr,0,,,,1,4.108,4.108,IL21
,CYCS,Stim8hr,0,,,,1,3.664,3.664,IL10
,CYP2R1,Stim8hr,0,,,,1,4.631,4.631,IL10
,DAXX,Stim8hr,0,,,,1,3.345,3.345,IL3
,DCP2,Rest,0,,,,1,4.641,4.641,TNF
,DCP2,Stim8hr,0,,,,1,3.465,3.465,IL2
,DDI2,Rest,0,,,,1,4.015,4.015,IL5
,DDX17,Rest,0,,,,1,2.896,2.896,IL4
,DDX17,Stim8hr,0,,,,1,3.716,3.716,IL2RA
,DDX31,Stim48hr,0,,,,1,4.399,4.399,CSF2
,DDX6,Stim8hr,0,,,,1,2.789,2.789,IL21
,DENND1B,Stim48hr,0,,,,1,5.485,5.485,IL23R
,DENR,Stim8hr,0,,,,1,4.535,4.535,IL2RA
,DGKZ,Stim8hr,0,,,,1,3.238,3.238,IL10
,DGLUCY,Rest,0,,,,1,3.955,3.955,IL2
,DHPS,Stim48hr,0,,,,1,4.466,4.466,IFNG
,DHX30,Stim48hr,0,,,,2,5.936,3.007,"IL21,IL4"
,DIAPH1,Stim8hr,0,,,,1,3.978,3.978,IL3
,DIS3,Stim8hr,0,,,,1,2.955,2.955,IL10
,DLG3,Rest,0,,,,1,6.409,6.409,IL2
,DNAJC21,Stim8hr,0,,,,1,3.208,3.208,IL2RA
,DNAJC24,Rest,0,,,,3,16.614,7.084,"CSF2,IFNG,IL3"
,DNAJC4,Rest,0,,,,1,4.917,4.917,IFNG
,DNTTIP1,Rest,0,,,,1,3.664,3.664,CSF2
,DNTTIP1,Stim48hr,0,,,,4,15.779000000000002,5.04,"CSF2,IFNG,IL3,TNF"
,DNTTIP1,Stim8hr,0,,,,5,14.282,4.16,"CSF2,IFNG,IL10,IL3,TNF"
,DOCK2,Rest,0,,,,5,16.948999999999998,3.916,"IFNG,IL13,IL2RA,IL3,LTA"
,DOP1B,Stim8hr,0,,,,3,10.818000000000001,4.174,"CSF2,IL10,TNF"
,DPH2,Stim48hr,0,,,,1,3.244,3.244,IL2RA
,DPH5,Stim8hr,0,,,,1,4.268,4.268,IL2RA
,DRAM1,Stim8hr,0,,,,1,4.921,4.921,IL22
,EARS2,Stim8hr,0,,,,1,3.608,3.608,IL10
,ECHS1,Rest,0,,,,1,3.288,3.288,IL2RA
,EHD1,Stim8hr,0,,,,1,4.195,4.195,IFNG
,EIF3H,Rest,0,,,,1,3.357,3.357,LTA
,EIF3J,Rest,0,,,,2,8.488,5.638,"CSF2,LTA"
,EIF4A1,Stim8hr,0,,,,1,4.014,4.014,TNF
,EIF4G2,Rest,0,,,,1,2.631,2.631,IL13
,ELAVL1,Rest,0,,,,1,3.388,3.388,IL22
,ELAVL1,Stim48hr,0,,,,6,19.11,4.259,"CSF2,IFNG,IL2,IL22,IL3,IL5"
,ELAVL1,Stim8hr,0,,,,5,13.555,3.026,"IL13,IL2,IL21,IL3,IL4"
,ELOB,Rest,0,,,,1,3.213,3.213,IL2RA
,ELOC,Rest,0,,,,1,4.131,4.131,IL2RA
,ELOC,Stim8hr,0,,,,1,5.193,5.193,IL2RA
,EMC2,Stim48hr,0,,,,2,8.855,5.746,"IFNG,IL3"
,EMC4,Rest,0,,,,1,3.833,3.833,LTA
,ENTR1,Stim48hr,0,,,,1,2.744,2.744,IFNG
,EP300,Stim8hr,0,,,,1,3.654,3.654,CTLA4
,EPC1,Rest,0,,,,1,3.397,3.397,IL4
,ERGIC3,Rest,0,,,,1,4.324,4.324,IL4
,ETNK1,Stim48hr,0,,,,1,4.523,4.523,CTLA4
,EZH2,Rest,0,,,,1,3.873,3.873,IL2RA
,F5,Stim8hr,0,,,,1,4.277,4.277,TNF
,FAH,Rest,0,,,,1,4.83,4.83,IFNG
,FAM174C,Stim48hr,0,,,,1,3.787,3.787,IL2
,FAM185A,Stim8hr,0,,,,1,5.544,5.544,IFNG
,FAM221A,Rest,0,,,,1,6.564,6.564,IL2
,FAM89A,Rest,0,,,,1,5.794,5.794,LTA
,FAM98B,Stim8hr,0,,,,1,3.054,3.054,IL21
,FBRS,Rest,0,,,,1,3.826,3.826,IL2RA
,FBXO32,Rest,0,,,,2,7.128,3.684,"IFNG,TNF"
,FBXO32,Stim8hr,0,,,,1,3.745,3.745,IFNG
,FBXO42,Stim48hr,0,,,,4,13.786,4.135,"CSF2,IFNG,IL21,IL2RA"
,FKBP5,Stim8hr,0,,,,1,4.993,4.993,IFNG
,FNIP1,Stim48hr,0,,,,1,4.631,4.631,IL2
,FUBP1,Stim48hr,0,,,,1,2.598,2.598,IL5
,FUCA1,Rest,0,,,,1,5.675,5.675,IL2
,GALNT6,Stim48hr,0,,,,1,3.883,3.883,IL2RA
,GATAD2B,Stim48hr,0,,,,1,4.735,4.735,IL13
,GET3,Stim48hr,0,,,,1,3.856,3.856,CTLA4
,GFUS,Rest,0,,,,1,4.64,4.64,IL3
,GLIPR2,Rest,0,,,,1,2.79,2.79,IL2RA
,GNA13,Stim8hr,0,,,,1,3.978,3.978,IL10
,GNLY,Stim8hr,0,,,,1,3.372,3.372,CTLA4
,GNPAT,Stim8hr,0,,,,3,13.022,5.246,"CSF2,IL10,IL3"
,GNS,Rest,0,,,,1,3.045,3.045,CSF2
,GPALPP1,Stim48hr,0,,,,1,3.993,3.993,IL2RA
,GPD1L,Rest,0,,,,2,10.869,5.99,"IL2,IL3"
,GPR183,Stim48hr,0,,,,2,10.791,6.735,"IFNG,IL22"
,GTPBP10,Stim48hr,0,,,,1,2.576,2.576,IL3
,H3C8,Rest,0,,,,1,6.283,6.283,IL3
,HAPSTR1,Rest,0,,,,1,3.185,3.185,LTA
,HAPSTR1,Stim48hr,0,,,,1,2.812,2.812,IL2RA
,HCCS,Rest,0,,,,1,4.274,4.274,IFNG
,HCLS1,Rest,0,,,,1,7.981,7.981,IL2
,HDGFL3,Stim48hr,0,,,,1,3.965,3.965,CSF2
,HDHD3,Stim48hr,0,,,,1,5.753,5.753,IL23R
,HDHD3,Stim8hr,0,,,,1,5.916,5.916,IL23R
,HIBADH,Rest,0,,,,1,3.773,3.773,IL2RA
,HIP1R,Rest,0,,,,1,4.485,4.485,IL22
,HNRNPA2B1,Rest,0,,,,1,6.281,6.281,IL3
,HNRNPDL,Stim48hr,0,,,,1,3.364,3.364,CTLA4
,HNRNPR,Stim8hr,0,,,,1,4.089,4.089,IL10
,HPS4,Rest,0,,,,1,4.207,4.207,IL3
,HSD17B10,Stim8hr,0,,,,1,2.822,2.822,IL10
,HSF5,Stim48hr,0,,,,1,4.959,4.959,IL3
,HYKK,Rest,0,,,,1,4.322,4.322,IL3
,IFI30,Stim48hr,0,,,,1,3.727,3.727,IL5
,IFI30,Stim8hr,0,,,,1,4.206,4.206,IL5
,IFI6,Stim8hr,0,,,,1,4.849,4.849,IL3
,IFNAR1,Stim48hr,0,,,,1,4.79,4.79,IL23R
,IFNAR1,Stim8hr,0,,,,1,4.386,4.386,IL23R
,IFNGR2,Stim8hr,0,,,,1,3.495,3.495,IFNG
,IL12RB2,Stim48hr,0,,,,1,6.438,6.438,IL23R
,IL23A,Stim48hr,0,,,,1,4.613,4.613,IL2RA
,IL4R,Stim8hr,0,,,,1,4.997,4.997,IL2RA
,IMMT,Stim8hr,0,,,,1,3.859,3.859,IL2
,INO80B,Rest,0,,,,2,12.147,8.231,"IFNG,IL3"
,INPP5D,Stim48hr,0,,,,2,6.545,3.574,"IFNG,TNF"
,INTS10,Rest,0,,,,1,3.118,3.118,LTA
,INTS14,Rest,0,,,,3,12.849,6.034,"IFNG,IL22,LTA"
,INTS15,Stim8hr,0,,,,1,3.188,3.188,LTA
,INTS6,Rest,0,,,,1,3.936,3.936,IFNG
,IPO9,Stim8hr,0,,,,1,4.149,4.149,IL10
,IQCG,Stim48hr,0,,,,2,7.978,4.451,"CSF2,IL2RA"
,IQGAP3,Rest,0,,,,1,4.752,4.752,IL2
,IRF8,Stim8hr,0,,,,2,7.587,3.977,"CSF2,IFNG"
,ISL2,Rest,0,,,,1,4.468,4.468,IL2
,ITPK1,Stim48hr,0,,,,1,4.435,4.435,IL3
,IWS1,Rest,0,,,,1,3.275,3.275,LTA
,IWS1,Stim48hr,0,,,,1,3.149,3.149,IL13
,IWS1,Stim8hr,0,,,,1,3.649,3.649,LTA
,JMJD1C,Stim8hr,0,,,,1,4.37,4.37,IL23R
,JUND,Rest,0,,,,1,6.05,6.05,IL22
,KAT6A,Stim8hr,0,,,,1,3.146,3.146,IL5
,KBTBD2,Rest,0,,,,4,15.674999999999999,4.887,"IFNG,IL21,IL22,IL2RA"
,KDM4A,Rest,0,,,,1,3.693,3.693,IL22
,KDM4A,Stim8hr,0,,,,2,8.362,4.285,"IL22,IL23R"
,KDM6A,Stim8hr,0,,,,1,3.51,3.51,IFNG
,KHDRBS1,Stim8hr,0,,,,2,8.561,4.304,"IFNG,TNF"
,KIDINS220,Stim8hr,0,,,,1,3.077,3.077,IL2
,KLF10,Rest,0,,,,3,15.321000000000002,6.049,"CSF2,IFNG,IL3"
,KLF10,Stim8hr,0,,,,1,4.623,4.623,TNF
,KLHL17,Stim8hr,0,,,,1,4.828,4.828,IL23R
,KLHL18,Rest,0,,,,1,6.494,6.494,IL2
,KMT2E,Rest,0,,,,1,3.862,3.862,LTA
,KRR1,Stim8hr,0,,,,2,7.615,4.138,"CSF2,IL3"
,LDHB,Stim48hr,0,,,,1,4.37,4.37,IL22
,LEO1,Rest,0,,,,1,3.775,3.775,LTA
,LHPP,Rest,0,,,,1,5.018,5.018,IL4
,LIG1,Stim48hr,0,,,,2,7.761,4.407,"IL13,IL2RA"
,LMBR1L,Rest,0,,,,2,12.59,8.296,"IFNG,LTA"
,LMTK2,Stim48hr,0,,,,1,5.864,5.864,IL23R
,LMTK2,Stim8hr,0,,,,1,2.948,2.948,IFNG
,LRRC58,Stim8hr,0,,,,2,9.649000000000001,5.772,"IL2,IL3"
,LYSMD3,Rest,0,,,,1,6.432,6.432,IL3
,MACROH2A2,Stim48hr,0,,,,1,5.448,5.448,IL13
,MAGED1,Stim48hr,0,,,,1,4.332,4.332,IFNG
,MAN1A2,Rest,0,,,,1,2.885,2.885,IFNG
,MAP1LC3B,Stim48hr,0,,,,1,6.769,6.769,IFNG
,MAP1LC3B,Stim8hr,0,,,,1,3.812,3.812,IFNG
,MAP4K1,Stim8hr,0,,,,1,3.502,3.502,IL5
,MAP4K2,Rest,0,,,,1,4.335,4.335,IL13
,MAX,Stim48hr,0,,,,2,8.639,4.996,"IL23R,IL2RA"
,MAX,Stim8hr,0,,,,1,3.632,3.632,IL2RA
,MBD2,Stim8hr,0,,,,1,2.65,2.65,IL22
,MBD3,Rest,0,,,,1,3.569,3.569,IL3
,MBIP,Stim48hr,0,,,,1,3.019,3.019,IFNG
,MBIP,Stim8hr,0,,,,1,4.223,4.223,IL10
,MCAT,Stim48hr,0,,,,1,3.112,3.112,IL10
,MED15,Rest,0,,,,1,2.238,2.238,IL2RA
,MEF2D,Stim8hr,0,,,,1,4.337,4.337,IL21
,MEST,Stim8hr,0,,,,2,6.2989999999999995,3.227,"IL2RA,IL3"
,METAP2,Rest,0,,,,2,6.8740000000000006,4.214,"IFNG,IL2RA"
,METAP2,Stim48hr,0,,,,2,7.59,4.19,"IL2,IL2RA"
,METTL3,Stim8hr,0,,,,1,3.315,3.315,IL3
,MFSD11,Stim8hr,0,,,,1,4.318,4.318,IL22
,MIDN,Stim8hr,0,,,,1,3.492,3.492,LTA
,MIOS,Rest,0,,,,1,3.41,3.41,IL2RA
,MITD1,Rest,0,,,,1,4.739,4.739,CSF2
,MKNK2,Rest,0,,,,2,15.597000000000001,8.041,"IL2,IL3"
,MKS1,Stim48hr,0,,,,1,5.087,5.087,IL23R
,MLH3,Rest,0,,,,1,4.179,4.179,IL3
,MOV10,Rest,0,,,,2,7.541,4.016,"IL13,IL5"
,MSH2,Rest,0,,,,1,6.688,6.688,IL3
,MSI2,Stim48hr,0,,,,1,3.866,3.866,TNF
,MTA2,Stim8hr,0,,,,2,6.145,3.305,"IL2RA,TNF"
,MTFR1L,Rest,0,,,,1,5.287,5.287,IFNG
,MTHFD2,Stim48hr,0,,,,1,2.68,2.68,IL10
,MTIF2,Stim48hr,0,,,,1,3.477,3.477,IL5
,MTPAP,Stim48hr,0,,,,2,5.651999999999999,2.965,"IL2,IL21"
,MUC1,Stim8hr,0,,,,2,9.796,5.11,"IFNG,IL2"
,MYB,Rest,0,,,,1,4.192,4.192,IL2RA
,MYB,Stim8hr,0,,,,1,2.621,2.621,IL22
,MYBL1,Rest,0,,,,1,4.314,4.314,IL22
,MYL12A,Stim48hr,0,,,,1,3.896,3.896,TNF
,N4BP2L1,Rest,0,,,,1,4.64,4.64,IFNG
,NAA30,Rest,0,,,,4,14.046,4.749,"IFNG,IL13,IL22,IL2RA"
,NAA30,Stim48hr,0,,,,3,8.921,3.084,"CSF2,IL13,IL22"
,NAB2,Stim48hr,0,,,,1,6.596,6.596,IL5
,NABP1,Stim8hr,0,,,,1,3.431,3.431,IL2RA
,NAF1,Stim8hr,0,,,,3,12.812,5.928,"IL2,IL21,IL22"
,NCAPG2,Rest,0,,,,3,9.92,3.612,"CSF2,IL2RA,LTA"
,NCAPG2,Stim8hr,0,,,,2,7.022,4.54,"IL13,IL2RA"
,NCBP3,Stim8hr,0,,,,1,3.489,3.489,IL2RA
,NCKAP1L,Rest,0,,,,6,20.108,4.614,"CSF2,IFNG,IL13,IL2RA,IL3,IL5"
,NCKAP1L,Stim8hr,0,,,,1,3.329,3.329,IL13
,NCOA6,Rest,0,,,,2,9.207,5.437,"CSF2,IL3"
,NDRG1,Stim8hr,0,,,,2,6.9719999999999995,3.673,"IL2,IL23R"
,NDUFAF5,Stim8hr,0,,,,1,4.083,4.083,IL2
,NDUFB3,Rest,0,,,,3,22.831,10.044,"IFNG,IL2,IL3"
,NDUFB6,Rest,0,,,,1,4.371,4.371,IL3
,NEK3,Stim48hr,0,,,,1,2.916,2.916,IFNG
,NELFCD,Rest,0,,,,2,10.043,6.158,"IL2RA,LTA"
,NEMP1,Stim48hr,0,,,,1,4.374,4.374,IL23R
,NEMP2,Stim8hr,0,,,,1,3.811,3.811,IL22
,NFATC2,Stim8hr,0,,,,1,3.541,3.541,IL2RA
,NFKB1,Rest,0,,,,3,22.219,11.522,"CSF2,IFNG,IL3"
,NFKB1,Stim48hr,0,,,,1,4.425,4.425,TNF
,NFKB2,Stim8hr,0,,,,7,25.628,5.467,"CSF2,IFNG,IL10,IL2,IL21,IL3,TNF"
,NFX1,Rest,0,,,,1,5.235,5.235,IFNG
,NIPBL,Stim48hr,0,,,,1,6.371,6.371,IL23R
,NIPBL,Stim8hr,0,,,,3,12.233,4.788,"CSF2,IL23R,IL3"
,NKAPD1,Rest,0,,,,1,4.863,4.863,TNF
,NOL7,Stim8hr,0,,,,1,3.684,3.684,IL2
,NRBP1,Rest,0,,,,2,8.532,4.656,"IFNG,IL2RA"
,NRBP1,Stim48hr,0,,,,2,5.466,2.734,"CTLA4,IL5"
,NRBP1,Stim8hr,0,,,,2,7.547,4.513,"IL13,LTA"
,NREP,Rest,0,,,,1,6.266,6.266,IL3
,NSD1,Rest,0,,,,1,3.119,3.119,IFNG
,NSUN6,Stim48hr,0,,,,1,2.949,2.949,IL5
,NUDT1,Rest,0,,,,1,4.596,4.596,CSF2
,NUDT16L1,Rest,0,,,,1,7.6,7.6,IL2
,NUDT19,Rest,0,,,,1,6.0,6.0,IL3
,ORAI3,Stim48hr,0,,,,1,4.755,4.755,IL2
,OTUB1,Stim8hr,0,,,,1,3.025,3.025,IL10
,OXSR1,Rest,0,,,,2,10.687999999999999,5.593,"IFNG,IL13"
,PAGR1,Rest,0,,,,1,2.996,2.996,CTLA4
,PAK2,Rest,0,,,,1,3.444,3.444,IL22
,PANK1,Stim8hr,0,,,,2,8.839,4.543,"CSF2,IL2"
,PATJ,Stim8hr,0,,,,1,3.436,3.436,IL2RA
,PAXIP1,Stim48hr,0,,,,2,6.304,3.537,"CTLA4,IL21"
,PCBP4,Rest,0,,,,3,12.617,4.567,"IFNG,IL2,IL3"
,PCGF1,Stim48hr,0,,,,2,6.6579999999999995,3.344,"IL13,IL5"
,PCGF1,Stim8hr,0,,,,1,3.425,3.425,IL13
,PCGF6,Stim8hr,0,,,,1,4.749,4.749,IL10
,PCYT2,Rest,0,,,,1,4.5,4.5,IL2RA
,PCYT2,Stim48hr,0,,,,4,12.681000000000001,3.825,"CSF2,IL13,IL2RA,IL5"
,PDCD10,Stim48hr,0,,,,1,3.151,3.151,IL10
,PDCD2L,Rest,0,,,,4,15.463000000000001,5.63,"CSF2,IFNG,IL2RA,LTA"
,PDK3,Rest,0,,,,3,16.596,6.468,"IL2,IL3,IL5"
,PDLIM2,Stim48hr,0,,,,1,7.407,7.407,IL23R
,PDPR,Rest,0,,,,1,7.88,7.88,IL3
,PEX19,Stim48hr,0,,,,1,8.335,8.335,IL23R
,PFKM,Rest,0,,,,5,31.225,9.82,"CSF2,IFNG,IL2,IL21,IL3"
,PGM1,Rest,0,,,,1,5.328,5.328,IL3
,PGP,Stim48hr,0,,,,1,3.27,3.27,CTLA4
,PHF3,Stim8hr,0,,,,1,4.023,4.023,IL21
,PIGV,Stim48hr,0,,,,1,4.183,4.183,IL23R
,PIK3R2,Rest,0,,,,1,4.237,4.237,IL3
,PKNOX1,Rest,0,,,,1,3.246,3.246,IFNG
,PNPT1,Rest,0,,,,4,28.91,9.539,"CSF2,IFNG,IL2,IL3"
,POLD4,Stim8hr,0,,,,1,4.576,4.576,IL21
,POLE3,Stim8hr,0,,,,1,4.576,4.576,IL5
,POLE4,Stim48hr,0,,,,1,4.955,4.955,IL2
,PPCDC,Stim8hr,0,,,,3,11.588000000000001,4.373,"IL10,IL22,IL23R"
,PPIF,Stim8hr,0,,,,1,4.539,4.539,IL13
,PPM1L,Rest,0,,,,1,4.292,4.292,IL2RA
,PPP1R12A,Rest,0,,,,1,3.446,3.446,IL22
,PPP1R12A,Stim8hr,0,,,,1,3.658,3.658,TNF
,PPP1R15A,Stim8hr,0,,,,1,3.786,3.786,IL10
,PPP6C,Rest,0,,,,1,4.596,4.596,IL2RA
,PPP6C,Stim48hr,0,,,,5,22.982000000000003,5.706,"CSF2,IL10,IL2,IL3,LTA"
,PPP6C,Stim8hr,0,,,,2,7.705,4.578,"IL10,IL13"
,PPRC1,Stim8hr,0,,,,3,12.097999999999999,4.597,"CSF2,IFNG,IL2"
,PREP,Rest,0,,,,2,11.219999999999999,5.777,"IL2,IL3"
,PRF1,Stim8hr,0,,,,1,5.384,5.384,IL22
,PRICKLE3,Stim8hr,0,,,,1,4.544,4.544,IL13
,PRPF39,Stim48hr,0,,,,2,6.661,3.5,"IL10,IL2"
,PRPF39,Stim8hr,0,,,,5,17.749000000000002,4.262,"CSF2,IFNG,IL10,IL2,TNF"
,PRRC2A,Stim8hr,0,,,,1,3.112,3.112,IL2RA
,PRXL2B,Rest,0,,,,1,4.533,4.533,CSF2
,PSD4,Stim8hr,0,,,,1,4.78,4.78,IL10
,PSIP1,Stim8hr,0,,,,1,3.788,3.788,IL2RA
,PTGES2,Rest,0,,,,1,8.145,8.145,IL3
,PTPA,Stim48hr,0,,,,2,6.926,3.926,"CSF2,IL10"
,PTPDC1,Stim48hr,0,,,,1,4.771,4.771,IL2
,PTPN11,Rest,0,,,,1,5.683,5.683,IL3
,PTPN2,Rest,0,,,,4,20.622,6.692,"CSF2,IFNG,IL2RA,LTA"
,PTPN2,Stim8hr,0,,,,2,7.0,3.615,"CSF2,IFNG"
,PTPN7,Rest,0,,,,2,15.109,9.92,"IL2,IL3"
,PTPRA,Stim48hr,0,,,,1,4.551,4.551,IL5
,PUS1,Rest,0,,,,1,4.271,4.271,IL2
,PXMP4,Stim48hr,0,,,,2,10.062,6.569,"IL22,IL23R"
,QNG1,Stim8hr,0,,,,1,4.746,4.746,TNF
,RAB11FIP1,Stim8hr,0,,,,2,8.946,6.168,"IL22,IL23R"
,RAB3IP,Stim8hr,0,,,,1,4.571,4.571,IL10
,RABIF,Rest,0,,,,1,4.961,4.961,IL22
,RAC2,Stim48hr,0,,,,1,3.264,3.264,IL10
,RAD51B,Rest,0,,,,2,9.620000000000001,4.92,"IFNG,IL2"
,RANBP10,Rest,0,,,,1,5.174,5.174,IL13
,RAP2B,Rest,0,,,,1,4.694,4.694,CSF2
,RASA2,Rest,0,,,,1,3.875,3.875,IL2RA
,RASAL3,Rest,0,,,,2,8.026,4.261,"IL13,IL2RA"
,RASGRP1,Rest,0,,,,2,9.535,5.051,"IL13,IL4"
,RBFA,Stim8hr,0,,,,2,8.185,4.301,"IL23R,LTA"
,RBL2,Rest,0,,,,1,4.221,4.221,LTA
,RBM26,Rest,0,,,,1,9.494,9.494,IL2
,RBM27,Stim8hr,0,,,,2,6.945,3.57,"IL10,IL22"
,RCBTB1,Stim8hr,0,,,,2,7.57,3.891,"IL22,IL23R"
,RCOR3,Rest,0,,,,1,2.708,2.708,IFNG
,REEP3,Rest,0,,,,1,5.05,5.05,IL2
,RESF1,Rest,0,,,,1,3.8,3.8,IL3
,RESF1,Stim48hr,0,,,,1,4.342,4.342,IL2
,RGL2,Stim48hr,0,,,,1,4.24,4.24,IFNG
,RIOK3,Rest,0,,,,1,5.126,5.126,IL2
,RIPK1,Rest,0,,,,1,3.303,3.303,IL13
,RIPK1,Stim48hr,0,,,,1,5.55,5.55,CTLA4
,RIPK1,Stim8hr,0,,,,3,9.777000000000001,3.555,"CSF2,CTLA4,IL10"
,RMDN3,Rest,0,,,,3,20.180999999999997,7.897,"CSF2,IL2,IL3"
,RMND5B,Stim48hr,0,,,,1,4.493,4.493,IL2
,RNF139,Stim48hr,0,,,,3,15.064,5.535,"IFNG,IL22,LTA"
,RPRD2,Rest,0,,,,1,3.883,3.883,LTA
,RSBN1L,Stim8hr,0,,,,1,3.17,3.17,IL10
,RUNX3,Stim8hr,0,,,,1,4.563,4.563,TNF
,RWDD1,Stim48hr,0,,,,1,4.262,4.262,IL3
,RWDD2B,Stim8hr,0,,,,1,2.907,2.907,IL10
,SASH3,Rest,0,,,,1,4.861,4.861,IL5
,SBNO1,Rest,0,,,,1,3.266,3.266,LTA
,SBNO1,Stim8hr,0,,,,1,3.741,3.741,IL21
,SCAP,Stim8hr,0,,,,1,3.852,3.852,IL10
,SEC14L2,Rest,0,,,,1,3.849,3.849,LTA
,SEC24C,Stim8hr,0,,,,1,3.691,3.691,IL10
,SENP5,Stim8hr,0,,,,3,7.995,2.921,"IL21,IL23R,IL2RA"
,SEPTIN7,Stim8hr,0,,,,1,3.442,3.442,LTA
,SERF2,Rest,0,,,,3,13.962,5.528,"CSF2,IL2,IL3"
,SETMAR,Stim8hr,0,,,,1,4.28,4.28,IFNG
,SFT2D3,Rest,0,,,,1,4.257,4.257,IL3
,SFXN1,Rest,0,,,,1,5.302,5.302,IL2
,SH2D2A,Rest,0,,,,1,4.437,4.437,IL3
,SH3KBP1,Rest,0,,,,1,8.2,8.2,IL2
,SIRT3,Rest,0,,,,2,12.227,7.034,"IFNG,IL3"
,SLAMF7,Stim8hr,0,,,,1,3.572,3.572,LTA
,SLC25A22,Stim8hr,0,,,,1,2.925,2.925,IL3
,SLC25A3,Rest,0,,,,1,5.229,5.229,IL2RA
,SLC30A6,Rest,0,,,,1,4.081,4.081,IFNG
,SLC4A7,Stim48hr,0,,,,1,3.165,3.165,IL2
,SLC7A5,Stim8hr,0,,,,1,4.386,4.386,IL22
,SLC9A6,Stim8hr,0,,,,1,3.936,3.936,TNF
,SMARCA5,Rest,0,,,,4,13.686,4.467,"IL13,IL2RA,LTA,TNF"
,SMARCA5,Stim48hr,0,,,,1,3.671,3.671,TNF
,SMARCB1,Rest,0,,,,2,5.579,2.945,"IL2RA,LTA"
,SMCR8,Stim48hr,0,,,,1,4.979,4.979,IL22
,SMG8,Stim8hr,0,,,,1,3.014,3.014,IL2RA
,SMIM29,Rest,0,,,,1,4.496,4.496,IL3
,SMS,Rest,0,,,,4,34.24,9.875,"CSF2,IFNG,IL2,IL3"
,SMS,Stim8hr,0,,,,1,3.61,3.61,LTA
,SNTA1,Rest,0,,,,1,6.684,6.684,LTA
,SNX10,Rest,0,,,,1,5.823,5.823,IL3
,SNX2,Rest,0,,,,1,4.611,4.611,IL4
,SOCS7,Stim8hr,0,,,,1,4.365,4.365,IFNG
,SORL1,Stim8hr,0,,,,1,4.008,4.008,IL2
,SP1,Stim8hr,0,,,,1,4.584,4.584,IL10
,SP100,Stim8hr,0,,,,1,3.38,3.38,LTA
,SPAG7,Stim8hr,0,,,,2,7.686999999999999,3.921,"CSF2,IL3"
,SPOP,Rest,0,,,,1,2.897,2.897,IL2RA
,SPOP,Stim48hr,0,,,,1,5.035,5.035,IFNG
,SPRYD3,Rest,0,,,,1,9.264,9.264,IL2
,SPTLC1,Rest,0,,,,1,3.921,3.921,IFNG
,SPTSSA,Stim8hr,0,,,,2,6.64,3.497,"IL10,IL13"
,SRF,Rest,0,,,,1,2.933,2.933,LTA
,SS18L2,Stim48hr,0,,,,1,3.033,3.033,IL5
,STAP1,Rest,0,,,,1,3.097,3.097,IL2RA
,STAT6,Stim8hr,0,,,,1,5.126,5.126,IL2RA
,STING1,Rest,0,,,,1,9.087,9.087,IL2
,STIP1,Rest,0,,,,1,3.892,3.892,IL2RA
,STIP1,Stim8hr,0,,,,5,16.176,3.802,"CSF2,IFNG,IL2,IL21,IL3"
,STK40,Rest,0,,,,1,3.121,3.121,IL2RA
,STX8,Rest,0,,,,2,11.867,7.206,"IFNG,LTA"
,SUMO2,Stim8hr,0,,,,1,4.456,4.456,IL2
,SUPT4H1,Stim8hr,0,,,,1,4.285,4.285,IL2
,SWSAP1,Rest,0,,,,1,6.324,6.324,IL2
,TAB3,Stim8hr,0,,,,1,4.616,4.616,IL10
,TADA2A,Stim48hr,0,,,,1,3.009,3.009,IL2
,TAF13,Rest,0,,,,1,6.112,6.112,LTA
,TAF13,Stim8hr,0,,,,2,7.032,3.641,"IFNG,TNF"
,TCF3,Stim48hr,0,,,,1,4.719,4.719,IL2
,TCFL5,Rest,0,,,,1,3.755,3.755,IL22
,TEP1,Rest,0,,,,1,2.505,2.505,LTA
,THAP11,Rest,0,,,,2,7.755,5.077,"CSF2,LTA"
,THRA,Stim48hr,0,,,,1,3.197,3.197,IL3
,THRAP3,Stim48hr,0,,,,1,3.016,3.016,IL13
,TIMM8A,Rest,0,,,,4,30.934,9.483,"CSF2,IFNG,IL2,IL3"
,TIMM8A,Stim48hr,0,,,,1,4.457,4.457,IL2
,TM2D1,Stim48hr,0,,,,1,2.689,2.689,TNF
,TM7SF3,Rest,0,,,,1,5.859,5.859,IL2
,TMBIM6,Rest,0,,,,1,4.721,4.721,IL3
,TMEM205,Rest,0,,,,5,40.283,12.239,"CSF2,IFNG,IL2,IL21,IL3"
,TMEM267,Rest,0,,,,1,7.18,7.18,IL2
,TMEM33,Stim48hr,0,,,,1,3.163,3.163,IFNG
,TNFAIP3,Stim8hr,0,,,,1,4.068,4.068,LTA
,TOR1A,Stim48hr,0,,,,1,4.71,4.71,IL5
,TOR1A,Stim8hr,0,,,,2,7.667,3.979,"IL13,IL5"
,TP53RK,Stim8hr,0,,,,1,3.753,3.753,IL10
,TP73,Stim8hr,0,,,,1,3.406,3.406,IL2
,TRAF3,Rest,0,,,,4,11.446,3.177,"CSF2,IFNG,IL22,IL2RA"
,TRAF3,Stim48hr,0,,,,2,7.422000000000001,3.919,"CTLA4,IL22"
,TRAF3,Stim8hr,0,,,,2,8.18,5.07,"CTLA4,IL10"
,TRDMT1,Stim48hr,0,,,,1,4.353,4.353,IL23R
,TRIM22,Rest,0,,,,1,4.387,4.387,IFNG
,TRIM28,Stim48hr,0,,,,1,4.501,4.501,IL3
,TRRAP,Rest,0,,,,1,2.804,2.804,LTA
,TSNAX,Rest,0,,,,1,4.303,4.303,IL5
,TSR2,Rest,0,,,,1,3.542,3.542,IFNG
,TXNL1,Stim8hr,0,,,,1,4.169,4.169,IL2RA
,TYSND1,Stim8hr,0,,,,1,4.75,4.75,IL21
,UBC,Stim48hr,0,,,,1,4.61,4.61,IL5
,UBC,Stim8hr,0,,,,2,6.134,3.204,"IL2,IL3"
,UBE2D3,Stim8hr,0,,,,1,4.382,4.382,IL10
,UBE2F,Stim8hr,0,,,,2,7.1530000000000005,3.758,"IL2,IL2RA"
,UBE2L3,Rest,0,,,,1,8.301,8.301,IL2RA
,UBE2L3,Stim8hr,0,,,,1,4.044,4.044,IL2RA
,UBE2N,Stim8hr,0,,,,1,2.959,2.959,IL3
,UBE2V2,Rest,0,,,,1,4.662,4.662,IL13
,UBE2V2,Stim48hr,0,,,,1,2.571,2.571,IL22
,UBR5,Rest,0,,,,1,3.499,3.499,IL2RA
,UBXN6,Stim48hr,0,,,,1,3.279,3.279,IL23R
,UBXN7,Rest,0,,,,1,3.921,3.921,IL2
,UCP2,Stim48hr,0,,,,1,5.197,5.197,IL2
,UEVLD,Rest,0,,,,1,4.707,4.707,CSF2
,UFL1,Stim8hr,0,,,,5,17.116,4.014,"CSF2,IFNG,IL2,IL3,TNF"
,UFM1,Stim8hr,0,,,,9,29.419,5.478,"CSF2,IFNG,IL2,IL21,IL22,IL3,IL4,LTA,TNF"
,UQCC1,Stim8hr,0,,,,1,3.208,3.208,IFNG
,USP10,Stim48hr,0,,,,1,3.267,3.267,CSF2
,USP10,Stim8hr,0,,,,1,3.233,3.233,IL10
,USP7,Stim8hr,0,,,,1,3.892,3.892,IL10
,VEZF1,Rest,0,,,,1,5.461,5.461,IL5
,VPS37B,Stim48hr,0,,,,1,7.871,7.871,IL2
,VPS39,Stim8hr,0,,,,1,4.285,4.285,LTA
,VPS41,Rest,0,,,,1,3.656,3.656,LTA
,VPS4A,Stim48hr,0,,,,1,4.306,4.306,IL2
,VPS8,Stim48hr,0,,,,2,6.26,3.197,"IL2,TNF"
,VRK2,Stim48hr,0,,,,1,4.293,4.293,IL5
,WASF2,Rest,0,,,,5,19.308,4.705,"CSF2,IFNG,IL13,IL2,IL2RA"
,WBP1L,Stim8hr,0,,,,1,5.493,5.493,IL10
,WDR59,Rest,0,,,,1,3.355,3.355,IL2RA
,WDR7,Stim48hr,0,,,,1,3.362,3.362,CTLA4
,WDR82,Rest,0,,,,1,4.536,4.536,LTA
,WDR89,Stim8hr,0,,,,1,3.815,3.815,IL10
,WNK1,Rest,0,,,,3,13.081,4.581,"IL13,IL2RA,LTA"
,WNK1,Stim48hr,0,,,,1,5.03,5.03,IFNG
,WNK1,Stim8hr,0,,,,1,4.482,4.482,IFNG
,XPA,Stim8hr,0,,,,1,4.689,4.689,IL13
,XPOT,Stim48hr,0,,,,1,3.676,3.676,IL3
,XPR1,Stim8hr,0,,,,1,2.784,2.784,IL10
,XRCC2,Stim48hr,0,,,,2,5.933,3.06,"CTLA4,IL5"
,YTHDF2,Stim48hr,0,,,,7,22.549,5.299,"CSF2,IFNG,IL21,IL22,IL3,LTA,TNF"
,YTHDF2,Stim8hr,0,,,,5,17.495,3.88,"CSF2,IFNG,IL21,IL3,TNF"
,ZBED1,Stim8hr,0,,,,2,7.728,3.957,"CTLA4,IL10"
,ZBTB14,Stim8hr,0,,,,1,3.945,3.945,IL10
,ZBTB45,Stim48hr,0,,,,2,8.451,4.496,"CSF2,IFNG"
,ZBTB7A,Rest,0,,,,1,3.226,3.226,IL4
,ZC3H3,Stim48hr,0,,,,1,3.211,3.211,IL10
,ZC3H4,Rest,0,,,,1,4.339,4.339,IL3
,ZDHHC17,Rest,0,,,,1,4.756,4.756,IFNG
,ZDHHC18,Rest,0,,,,1,8.914,8.914,IL3
,ZFAT,Stim8hr,0,,,,1,3.454,3.454,IL13
,ZFP36L1,Stim8hr,0,,,,1,5.091,5.091,TNF
,ZFYVE21,Stim8hr,0,,,,1,4.485,4.485,IL10
,ZMYND11,Rest,0,,,,1,7.648,7.648,IL3
,ZMYND19,Stim48hr,0,,,,1,5.483,5.483,IL22
,ZMYND19,Stim8hr,0,,,,1,3.386,3.386,IL22
,ZNF146,Stim48hr,0,,,,1,6.754,6.754,IL23R
,ZNF280D,Stim8hr,0,,,,1,3.615,3.615,IL10
,ZNF286A,Rest,0,,,,1,4.442,4.442,IL3
,ZNF430,Rest,0,,,,1,6.407,6.407,IL2
,ZNF445,Rest,0,,,,1,4.669,4.669,IL3
,ZNF470,Rest,0,,,,1,3.085,3.085,IFNG
,ZNF623,Rest,0,,,,2,9.046,4.926,"IFNG,TNF"
,ZNF710,Stim8hr,0,,,,1,4.097,4.097,IL2RA
,ZNF736,Rest,0,,,,1,4.753,4.753,IL2
,ZNF74,Stim8hr,0,,,,1,5.157,5.157,IL5
,ZNF816,Rest,0,,,,2,9.091000000000001,4.833,"IFNG,IL3"
,ZNF862,Rest,0,,,,1,4.379,4.379,CSF2
,ZNF880,Stim48hr,0,,,,1,4.635,4.635,IL2
,ZNF92,Stim48hr,0,,,,1,6.595,6.595,IL23R
,ZSCAN2,Stim8hr,0,,,,1,3.133,3.133,IFNG
,ZUP1,Stim48hr,0,,,,1,4.944,4.944,IL23R
,ZXDC,Stim48hr,0,,,,1,4.771,4.771,IL2
