rank,gene,ensg,best_condition,composite_score,n_directions,directions,s_effect,s_repro,s_biology,s_context,s_network,s_genetics,s_drug,therapeutic_direction,novelty,eff_ontarget,out_degree,module_name,n_downstream,pol_shift,ctx_class,has_genetic_support,n_immune_disease_assoc,dis_max_neglog10_p,disease_categories,sm_tractable,ab_tractable,best_sm_bucket,has_clinical_drug,n_known_drugs,known_drug_moa,novel_druggable,protein_class,biotype
1,LAT,ENSG00000213658,Stim8hr,0.9248,4.0,cytokine+polarization+context+network,0.645,0.797,0.727,1.0,0.996,0.0,1.0,suppress-inflammation,novel-druggable,17.262825348106805,5445,TCR-proximal signaling,5535,→Effector,activation-induced,False,0.0,,,False,True,,False,0.0,,True,SINGLE PROTEIN,protein_coding
2,SMARCE1,ENSG00000073584,Stim8hr,0.909,3.0,cytokine+polarization+network,0.572,0.783,0.727,0.157,0.932,1.0,1.0,suppress-inflammation,novel-druggable,12.563390533960316,3267,,3266,→Th2; →Effector,constitutive,True,37.0,67.52287874528034,asthma-allergy(32); T1D(3); IBD(2),True,False,Structure with Ligand,False,0.0,,True,SINGLE PROTEIN,protein_coding
3,PLCG1,ENSG00000124181,Stim8hr,0.9084,4.0,cytokine+polarization+context+network,0.612,0.754,0.727,0.999,0.986,0.0,1.0,suppress-inflammation,novel-druggable,14.101124295570235,5013,TCR-proximal signaling,5032,→Effector,activation-induced,False,0.0,,,True,True,High-Quality Ligand,False,0.0,,True,SINGLE PROTEIN,protein_coding
4,CD247,ENSG00000198821,Stim8hr,0.905,3.0,cytokine+context+network,0.584,0.67,0.727,0.998,0.968,0.494,1.0,suppress-inflammation,novel-druggable,11.933472010237974,4330,TCR-proximal signaling,4329,→Th1; →Effector,activation-induced,True,46.0,24.69897000433602,asthma-allergy(35); other-autoimmune(9); RA(2),True,True,Structure with Ligand,False,0.0,,True,(inferred:protein_coding),protein_coding
5,STAT6,ENSG00000166888,Stim48hr,0.8846,3.0,cytokine+polarization+context,0.51,0.538,0.675,0.996,0.798,0.77,1.0,boost-immunity,novel-druggable,13.180099597182386,1128,,1127,→Th1,late-activation,True,55.0,38.52287874528034,asthma-allergy(55),True,False,Structure with Ligand,False,0.0,,True,SINGLE PROTEIN,protein_coding
6,CD3E,ENSG00000198851,Stim8hr,0.8812,3.0,cytokine+context+network,0.652,0.852,0.909,1.0,1.0,0.146,0.7,suppress-inflammation,known-drug-target,17.891807119280895,5601,TCR-proximal signaling,5710,→Effector,activation-induced,True,3.0,7.301029995663981,IBD(3),True,True,Structure with Ligand,True,22.0,T-cell surface glycoprotein CD3 epsilon chain binding agent [BINDING AGENT]; T-cell surface glycoprotein CD3 epsilon chain other [OTHER]; T-cell surface glycoprotein CD3 epsilon chain inhibitor [INHIBITOR]; T-cell surface glycoprotein CD3 epsilon chain cross-linking agent [CROSS-LINKING AGENT],False,SINGLE PROTEIN,protein_coding
7,ZAP70,ENSG00000115085,Stim8hr,0.8357,3.0,cytokine+polarization+network,0.595,0.849,0.556,0.968,0.986,0.154,1.0,suppress-inflammation,novel-druggable,12.174402170204049,4993,TCR-proximal signaling,5021,→Effector,constitutive,True,1.0,7.698970004336019,other-autoimmune(1),True,True,Structure with Ligand,False,0.0,,True,SINGLE PROTEIN,protein_coding
8,IL4R,ENSG00000077238,Stim48hr,0.8316,3.0,cytokine+polarization+context,0.444,0.435,0.904,0.999,0.743,0.674,0.7,boost-immunity,known-drug-target,8.646176007212214,729,,728,→Th1,late-activation,True,48.0,33.69897000433602,asthma-allergy(42); IBD(3); other-autoimmune(2); psoriasis(1),False,True,,True,2.0,Interleukin-4 receptor subunit alpha antagonist [ANTAGONIST],False,SINGLE PROTEIN,protein_coding
9,VAV1,ENSG00000141968,Stim8hr,0.8302,2.0,cytokine+network,0.619,0.776,1.0,0.972,0.982,0.0,1.0,suppress-inflammation,novel-druggable,15.097187610756944,4873,TCR-proximal signaling,4897,,constitutive,True,0.0,,,True,True,Structure with Ligand,False,0.0,,True,SINGLE PROTEIN,protein_coding
10,TMX1,ENSG00000139921,Stim8hr,0.8005,3.0,cytokine+context+network,0.648,0.588,0.636,1.0,0.89,0.103,1.0,suppress-inflammation,novel-druggable,23.881790020529383,2347,TCR-proximal signaling,2346,→Treg,activation-induced,True,1.0,5.154901959985743,SLE(1),False,True,,False,0.0,,True,SINGLE PROTEIN,protein_coding
11,CD2,ENSG00000116824,Stim48hr,0.7897,3.0,cytokine+polarization+context,0.736,0.517,0.727,0.993,0.782,0.282,0.7,suppress-inflammation,known-drug-target,40.504026954392685,989,,988,,activation-induced,True,2.0,14.096910013008056,other-autoimmune(2),False,True,,True,2.0,T-cell surface antigen CD2 inhibitor [INHIBITOR],False,SINGLE PROTEIN,protein_coding
12,IL2RB,ENSG00000100385,Stim48hr,0.7812,3.0,cytokine+polarization+context,0.52,0.788,0.629,0.999,0.792,0.3,0.7,suppress-inflammation,known-drug-target,14.72002199938777,1070,,1069,→Effector,late-activation,True,11.0,15.0,RA(6); asthma-allergy(4); other-autoimmune(1); T1D(1),True,True,Structure with Ligand,True,10.0,Interleukin-2 receptor beta chain inhibitor [INHIBITOR],False,SINGLE PROTEIN,protein_coding
13,CD28,ENSG00000178562,Stim8hr,0.7728,3.0,cytokine+context+network,0.607,0.518,0.636,0.995,0.835,0.4,0.7,suppress-inflammation,known-drug-target,22.40595141825408,1506,,1505,,activation-induced,True,29.0,20.0,RA(9); IBD(7); other-autoimmune(6); asthma-allergy(6); psoriasis(1); MS(1); T1D(1); SLE(1),True,True,Structure with Ligand,True,2.0,T-cell-specific surface glycoprotein CD28 antagonist [ANTAGONIST]; T-cell-specific surface glycoprotein CD28 agonist [AGONIST],False,SINGLE PROTEIN,protein_coding
14,IL7R,ENSG00000168685,Stim8hr,0.7695,2.0,cytokine+context,0.408,0.358,0.545,0.999,0.757,1.0,1.0,suppress-inflammation,novel-druggable,3.604226056692848,812,,811,,activation-induced,True,44.0,98.52287874528034,asthma-allergy(35); MS(4); other-autoimmune(2); psoriasis(2); SLE(1); T1D(1),False,True,,False,0.0,,True,(inferred:protein_coding),protein_coding
15,ITK,ENSG00000113263,Stim48hr,0.7512,3.0,cytokine+context+network,0.47,0.626,0.636,0.999,0.902,0.262,0.7,suppress-inflammation,known-drug-target,2.4336315713977874,2566,TCR-proximal signaling,2565,,activation-induced,True,5.0,13.096910013008056,asthma-allergy(3); other-autoimmune(1); MS(1),True,True,Approved Drug,True,4.0,Tyrosine-protein kinase ITK/TSK inhibitor [INHIBITOR],False,SINGLE PROTEIN,protein_coding
16,EMC2,ENSG00000104412,Stim48hr,0.7504,3.0,cytokine+polarization+context,0.399,0.556,0.471,0.998,0.687,0.462,1.0,boost-immunity,novel-druggable,6.666963645783696,466,,465,→Th1,activation-induced,True,3.0,23.096910013008056,other-autoimmune(3),True,True,Structure with Ligand,False,0.0,,True,SINGLE PROTEIN,protein_coding
17,PKM,ENSG00000067225,Stim8hr,0.7488,2.0,cytokine+network,0.703,0.544,0.818,0.94,0.86,0.0,1.0,suppress-inflammation,novel-druggable,32.15868327300232,1841,,1840,,constitutive,False,0.0,,,True,True,Structure with Ligand,False,0.0,,True,SINGLE PROTEIN,protein_coding
18,TBX21,ENSG00000073861,Stim8hr,0.7486,2.0,cytokine+polarization,0.452,0.852,0.774,0.821,0.635,0.93,0.3,suppress-inflammation,difficult,15.850480772722758,308,,307,→Th2; →Treg,constitutive,True,16.0,46.52287874528034,asthma-allergy(12); other-autoimmune(4),False,False,,False,0.0,,False,(inferred:protein_coding),protein_coding
19,SIK3,ENSG00000160584,Stim48hr,0.7419,3.0,cytokine+polarization+network,0.481,0.58,0.818,0.597,0.858,0.0,1.0,suppress-inflammation,novel-druggable,6.269396254250628,1810,,1809,→Treg,constitutive,False,0.0,,,True,False,Structure with Ligand,False,0.0,,True,SINGLE PROTEIN,protein_coding
20,EIF4G1,ENSG00000114867,Stim8hr,0.7323,3.0,cytokine+polarization+network,0.509,0.77,0.727,0.382,0.848,0.0,1.0,boost-immunity,novel-druggable,10.116178350129118,1679,,1678,→Th1,mixed,False,0.0,,,True,False,Structure with Ligand,False,0.0,,True,SINGLE PROTEIN,protein_coding
21,CBLB,ENSG00000114423,Stim8hr,0.7319,2.0,cytokine+context,0.528,0.571,0.364,0.989,0.787,0.668,1.0,boost-immunity,novel-druggable,15.991721461146271,1028,,1027,→Effector,activation-induced,True,11.0,33.39794000867204,other-autoimmune(6); MS(3); RA(2),True,True,Structure with Ligand,False,0.0,,True,SINGLE PROTEIN,protein_coding
22,TRIP12,ENSG00000153827,Stim8hr,0.7285,3.0,cytokine+context+network,0.785,0.578,0.334,1.0,0.859,0.0,1.0,suppress-inflammation,novel-druggable,41.751281166806415,1830,,1829,→Th1,activation-induced,True,0.0,,,True,False,Structure with Ligand,False,0.0,,True,(inferred:protein_coding),protein_coding
23,HEXIM1,ENSG00000186834,Stim48hr,0.7265,3.0,cytokine+polarization+context,0.514,0.522,0.477,0.999,0.822,0.15,1.0,suppress-inflammation,novel-druggable,12.224181921527077,1358,,1357,→Th1,late-activation,True,2.0,7.522878745280337,asthma-allergy(2),True,False,Med-Quality Pocket,False,0.0,,True,SINGLE PROTEIN,protein_coding
24,CARMIL2,ENSG00000159753,Stim8hr,0.7218,3.0,cytokine+context+network,0.602,0.293,0.636,1.0,0.901,0.0,1.0,suppress-inflammation,novel-druggable,17.935612295155313,2545,TCR-proximal signaling,2544,,activation-induced,True,0.0,,,False,True,,False,0.0,,True,(inferred:protein_coding),protein_coding
25,NSD1,ENSG00000165671,Stim48hr,0.7184,3.0,cytokine+polarization+network,0.665,0.622,0.636,0.104,0.881,0.2,1.0,suppress-inflammation,novel-druggable,26.42526718583996,2175,,2174,→Effector,constitutive,True,1.0,10.0,asthma-allergy(1),True,True,Structure with Ligand,False,0.0,,True,SINGLE PROTEIN,protein_coding
26,MYC,ENSG00000136997,Stim8hr,0.7163,2.0,cytokine+context,0.414,0.778,0.455,0.892,0.734,0.46,1.0,boost-immunity,novel-druggable,5.663612564916637,676,,675,→Th1,activation-induced,True,13.0,23.0,asthma-allergy(13),True,False,Structure with Ligand,False,0.0,,True,SINGLE PROTEIN,protein_coding
27,MED1,ENSG00000125686,Stim8hr,0.7129,2.0,cytokine+context,0.471,0.777,0.345,0.999,0.758,0.442,1.0,suppress-inflammation,novel-druggable,10.966430312828733,819,,818,→Effector,activation-induced,True,7.0,22.096910013008056,asthma-allergy(6); SLE(1),True,False,Structure with Ligand,False,0.0,,True,SINGLE PROTEIN,protein_coding
28,SKIC8,ENSG00000140395,Stim48hr,0.7062,3.0,cytokine+polarization+network,0.483,0.754,0.592,0.452,0.893,0.0,1.0,suppress-inflammation,novel-druggable,4.458591383862938,2400,,2399,→Effector,constitutive,False,0.0,,,True,False,High-Quality Pocket,False,0.0,,True,SINGLE PROTEIN,protein_coding
29,CPSF6,ENSG00000111605,Stim8hr,0.7043,3.0,cytokine+polarization+network,0.53,0.768,0.727,0.071,0.898,0.0,1.0,boost-immunity,novel-druggable,9.642752985111011,2487,,2486,→Th1; →Treg,constitutive,True,0.0,,,True,False,Structure with Ligand,False,0.0,,True,SINGLE PROTEIN,protein_coding
30,SENP5,ENSG00000119231,Stim8hr,0.7035,4.0,cytokine+polarization+context+network,0.824,0.444,0.535,1.0,0.99,0.0,0.3,boost-immunity,difficult,38.700746284832434,5172,SAGA/Mediator coactivator,5171,→Effector,activation-induced,False,0.0,,,False,False,,False,0.0,,False,SINGLE PROTEIN,protein_coding
31,SGF29,ENSG00000176476,Stim8hr,0.702,3.0,cytokine+polarization+network,0.607,0.666,0.512,0.171,0.959,0.19,1.0,suppress-inflammation,novel-druggable,15.133699051276723,4048,SAGA/Mediator coactivator,4047,→Th1,constitutive,True,5.0,9.522878745280336,asthma-allergy(3); IBD(2),True,False,High-Quality Pocket,False,0.0,,True,SINGLE PROTEIN,protein_coding
32,MPI,ENSG00000178802,Stim8hr,0.7017,2.0,cytokine+network,0.516,0.636,0.727,0.808,0.888,0.0,1.0,suppress-inflammation,novel-druggable,8.64872831254815,2295,,2294,,constitutive,False,0.0,,,True,True,High-Quality Ligand,False,0.0,,True,SINGLE PROTEIN,protein_coding
33,CYB5R4,ENSG00000065615,Stim8hr,0.7006,3.0,cytokine+polarization+network,0.531,0.58,0.545,0.733,0.848,0.0,1.0,suppress-inflammation,novel-druggable,12.691617821811455,1675,,1674,→Th2; →Treg,constitutive,False,0.0,,,True,False,Structure with Ligand,False,0.0,,True,(inferred:protein_coding),protein_coding
34,MED24,ENSG00000008838,Rest,0.6975,3.0,cytokine+polarization+network,0.574,0.584,0.426,0.0,0.837,0.59,1.0,mixed,novel-druggable,18.39796710107933,1539,,1538,→Th2,rest-specific,True,12.0,29.522878745280337,asthma-allergy(12),True,False,Structure with Ligand,False,0.0,,True,(inferred:protein_coding),protein_coding
35,ATP2A2,ENSG00000174437,Rest,0.6966,3.0,cytokine+polarization+network,0.555,0.668,0.84,0.0,0.941,0.2,0.7,boost-immunity,known-drug-target,10.057253422470598,3519,,3518,→Th1,constitutive,True,3.0,10.0,IBD(3),True,True,Advanced Clinical,True,2.0,Sarcoplasmic/endoplasmic reticulum calcium ATPase 2 activator [ACTIVATOR],False,SINGLE PROTEIN,protein_coding
36,UBE2L3,ENSG00000185651,Rest,0.6912,2.0,cytokine+network,0.726,0.343,0.386,0.203,0.864,0.894,1.0,boost-immunity,novel-druggable,34.598924773200416,1905,,1904,→Treg,constitutive,True,13.0,44.69897000433602,IBD(7); SLE(6); other-autoimmune(1); psoriasis(1),True,False,Structure with Ligand,False,0.0,,True,SINGLE PROTEIN,protein_coding
37,RFT1,ENSG00000163933,Stim8hr,0.6903,2.0,cytokine+context,0.377,0.582,0.636,0.998,0.676,0.26,1.0,suppress-inflammation,novel-druggable,4.693737963884054,428,,427,,activation-induced,True,4.0,13.0,IBD(3); MS(1),False,True,,False,0.0,,True,SINGLE PROTEIN,protein_coding
38,INPP5D,ENSG00000168918,Stim48hr,0.6875,3.0,cytokine+polarization+context,0.559,0.481,0.498,0.998,0.705,0.28,0.7,boost-immunity,known-drug-target,24.36659352699218,536,,535,→Th1,late-activation,True,8.0,14.0,asthma-allergy(7); psoriasis(1),True,True,Advanced Clinical,True,1.0,"Phosphatidylinositol-3,4,5-trisphosphate 5-phosphatase 1 activator [ACTIVATOR]",False,SINGLE PROTEIN,protein_coding
39,PGGT1B,ENSG00000164219,Stim8hr,0.6862,3.0,cytokine+context+network,0.495,0.597,0.383,0.89,0.922,0.0,1.0,suppress-inflammation,novel-druggable,4.217846941075719,3014,TCR-proximal signaling,3013,→Effector,activation-induced,False,0.0,,,True,False,High-Quality Ligand,False,0.0,,True,SINGLE PROTEIN,protein_coding
40,POLG,ENSG00000140521,Stim48hr,0.6848,3.0,cytokine+polarization+network,0.497,0.506,0.455,0.952,0.842,0.0,1.0,suppress-inflammation,novel-druggable,9.040885247699746,1601,,1600,→Treg,constitutive,False,0.0,,,True,False,Structure with Ligand,False,0.0,,True,SINGLE PROTEIN,protein_coding
41,PTPRC,ENSG00000081237,Stim48hr,0.6838,2.0,cytokine+network,0.597,0.803,0.364,0.967,0.931,0.294,0.7,mixed,known-drug-target,15.66099797518209,3226,TCR-proximal signaling,3225,→Th1; →Treg,constitutive,True,28.0,14.69897000433602,asthma-allergy(12); IBD(5); SLE(5); other-autoimmune(4); T1D(1); RA(1),True,True,High-Quality Ligand,True,2.0,Leukocyte common antigen binding agent [BINDING AGENT],False,SINGLE PROTEIN,protein_coding
42,CCNC,ENSG00000112237,Stim48hr,0.6813,3.0,cytokine+polarization+network,0.847,0.437,0.545,0.199,0.96,0.0,1.0,mixed,novel-druggable,43.159386311488575,4091,,4090,→Th2; →Effector,constitutive,False,0.0,,,True,False,Structure with Ligand,False,0.0,,True,SINGLE PROTEIN,protein_coding
43,SLC35B1,ENSG00000121073,Stim8hr,0.6808,2.0,cytokine+network,0.517,0.8,0.727,0.421,0.838,0.0,1.0,suppress-inflammation,novel-druggable,11.697489415495204,1542,,1541,→Th1,constitutive,False,0.0,,,False,True,,False,0.0,,True,(inferred:protein_coding),protein_coding
44,ARNT,ENSG00000143437,Stim8hr,0.6774,3.0,cytokine+polarization+network,0.572,0.667,0.458,0.119,0.905,0.23,1.0,mixed,novel-druggable,14.1844449860405,2643,,2642,→Th1; →Effector,constitutive,True,1.0,11.522878745280336,asthma-allergy(1),True,False,Structure with Ligand,False,0.0,,True,SINGLE PROTEIN,protein_coding
45,TADA2B,ENSG00000173011,Stim48hr,0.6766,3.0,cytokine+context+network,0.642,0.762,0.545,1.0,0.991,0.0,0.3,suppress-inflammation,difficult,17.33454831744466,5217,SAGA/Mediator coactivator,5259,→Effector,late-activation,True,0.0,,,False,False,,False,0.0,,False,(inferred:protein_coding),protein_coding
46,MALT1,ENSG00000172175,Stim8hr,0.676,3.0,cytokine+context+network,0.525,0.489,0.455,0.999,0.845,0.206,0.7,suppress-inflammation,known-drug-target,12.15938543215661,1640,,1639,,activation-induced,True,3.0,10.30102999566398,MS(3),True,False,Approved Drug,True,1.0,Mucosa-associated lymphoid tissue lymphoma translocation protein 1 inhibitor [INHIBITOR],False,SINGLE PROTEIN,protein_coding
47,STK11,ENSG00000118046,Rest,0.6715,2.0,cytokine+polarization,0.463,0.551,1.0,0.038,0.793,0.168,1.0,suppress-inflammation,novel-druggable,7.917465924765942,1086,,1085,→Treg,constitutive,True,1.0,8.397940008672037,IBD(1); other-autoimmune(1); psoriasis(1),True,False,Structure with Ligand,False,0.0,,True,SINGLE PROTEIN,protein_coding
48,UFM1,ENSG00000120686,Stim8hr,0.6655,2.0,cytokine+network,0.721,0.547,0.727,0.154,0.887,0.102,1.0,boost-immunity,novel-druggable,32.61166047102845,2279,,2278,→Effector,constitutive,True,1.0,5.096910013008056,IBD(1),True,False,Structure with Ligand,False,0.0,,True,SINGLE PROTEIN,protein_coding
49,CLCC1,ENSG00000121940,Stim48hr,0.6627,3.0,cytokine+context+network,0.555,0.528,0.273,0.999,0.852,0.0,1.0,suppress-inflammation,novel-druggable,15.2996381298409,1732,,1731,,activation-induced,False,0.0,,,False,True,,False,0.0,,True,(inferred:protein_coding),protein_coding
50,CD3G,ENSG00000160654,Stim48hr,0.6605,2.0,cytokine+context,0.486,0.754,0.636,0.999,0.823,0.0,0.7,suppress-inflammation,known-drug-target,8.88429025068251,1374,,1373,,late-activation,False,0.0,,,True,True,Structure with Ligand,True,16.0,T cell surface glycoprotein CD3 inhibitor [INHIBITOR]; T cell surface glycoprotein CD3 cross-linking agent [CROSS-LINKING AGENT],False,PROTEIN COMPLEX,protein_coding
51,ENO1,ENSG00000074800,Stim48hr,0.659,2.0,cytokine+context,0.519,0.768,0.455,0.997,0.654,0.0,1.0,suppress-inflammation,novel-druggable,22.63604188289682,359,,358,,late-activation,True,0.0,,,True,True,Structure with Ligand,False,0.0,,True,SINGLE PROTEIN,protein_coding
52,YTHDF2,ENSG00000198492,Stim48hr,0.6587,2.0,cytokine+network,0.637,0.579,0.636,0.488,0.904,0.0,1.0,boost-immunity,novel-druggable,21.815594176327807,2618,,2617,,constitutive,False,0.0,,,True,False,Structure with Ligand,False,0.0,,True,SINGLE PROTEIN,protein_coding
53,MTG1,ENSG00000148824,Stim48hr,0.6579,3.0,cytokine+context+network,0.529,0.524,0.182,0.99,0.863,0.124,1.0,suppress-inflammation,novel-druggable,11.579052256831632,1894,Mitochondrial gene expression,1893,,late-activation,True,2.0,6.221848749616356,T1D(1); SLE(1),True,True,Structure with Ligand,False,0.0,,True,(inferred:protein_coding),protein_coding
54,STAT3,ENSG00000168610,Stim48hr,0.6544,2.0,cytokine+network,0.544,0.598,0.455,0.265,0.842,0.781,0.7,suppress-inflammation,known-drug-target,14.569750579234713,1593,,1592,,constitutive,True,37.0,39.045757490560675,IBD(22); asthma-allergy(8); MS(6); other-autoimmune(2); psoriasis(1); SLE(1),True,True,Structure with Ligand,False,1.0,,False,SINGLE PROTEIN,protein_coding
55,PRKAR1A,ENSG00000108946,Rest,0.6499,2.0,cytokine+polarization,0.451,0.641,0.924,0.133,0.791,0.0,1.0,mixed,novel-druggable,6.621803786317123,1065,,1064,→Treg,constitutive,False,0.0,,,True,True,Structure with Ligand,False,0.0,,True,SINGLE PROTEIN,protein_coding
56,DOLPP1,ENSG00000167130,Stim8hr,0.6498,2.0,cytokine+network,0.606,0.567,0.545,0.648,0.909,0.0,1.0,suppress-inflammation,novel-druggable,17.8874823057354,2718,,2717,,constitutive,False,0.0,,,False,True,,False,0.0,,True,(inferred:protein_coding),protein_coding
57,ATAD5,ENSG00000176208,Rest,0.6482,2.0,cytokine+network,0.621,0.703,0.727,0.0,0.951,0.0,1.0,mixed,novel-druggable,17.287463804270306,3791,DNA replication/repair,3790,,constitutive,False,0.0,,,True,False,Structure with Ligand,False,0.0,,True,SINGLE PROTEIN,protein_coding
58,IBA57,ENSG00000181873,Stim48hr,0.6447,2.0,cytokine+polarization,0.418,0.746,0.434,0.973,0.772,0.0,1.0,suppress-inflammation,novel-druggable,3.953380853935074,919,,918,→Treg,constitutive,False,0.0,,,True,False,Structure with Ligand,False,0.0,,True,(inferred:protein_coding),protein_coding
59,AEBP2,ENSG00000139154,Stim48hr,0.6439,2.0,cytokine+context,0.547,0.747,0.273,0.998,0.698,0.114,1.0,suppress-inflammation,novel-druggable,23.311349888781063,510,,509,,late-activation,True,1.0,5.698970004336019,IBD(1),True,False,Structure with Ligand,False,0.0,,True,PROTEIN COMPLEX,protein_coding
60,EFR3A,ENSG00000132294,Stim8hr,0.6434,2.0,cytokine+network,0.508,0.696,0.545,0.264,0.872,0.21,1.0,suppress-inflammation,novel-druggable,8.6366372315756,2030,,2029,→Effector,mixed,True,2.0,10.522878745280336,asthma-allergy(2),False,True,,False,0.0,,True,(inferred:protein_coding),protein_coding
61,BHLHE40,ENSG00000134107,Stim48hr,0.6383,3.0,cytokine+polarization+network,0.535,0.628,0.636,0.622,0.849,0.254,0.3,suppress-inflammation,difficult,13.068173693111076,1687,,1686,→Th1,constitutive,True,5.0,12.69897000433602,asthma-allergy(3); other-autoimmune(1); psoriasis(1),False,False,,False,0.0,,False,(inferred:protein_coding),protein_coding
62,PDCL,ENSG00000136940,Stim48hr,0.6383,3.0,cytokine+polarization+network,0.553,0.488,0.545,0.332,0.834,0.0,1.0,suppress-inflammation,novel-druggable,16.105072736185118,1502,,1501,,constitutive,False,0.0,,,True,False,Structure with Ligand,False,0.0,,True,(inferred:protein_coding),protein_coding
63,MFSD6,ENSG00000151690,Stim48hr,0.6362,2.0,cytokine+context,0.283,0.791,0.455,0.988,0.475,0.2,1.0,suppress-inflammation,novel-druggable,5.406934078207955,86,,85,,activation-induced,True,3.0,10.0,other-autoimmune(2); SLE(1),False,True,,False,0.0,,True,(inferred:protein_coding),protein_coding
64,VPS45,ENSG00000136631,Stim8hr,0.6355,3.0,cytokine+polarization+context,0.299,0.723,0.405,0.987,0.465,0.0,1.0,boost-immunity,novel-druggable,7.919370801514887,79,,78,→Effector,activation-induced,True,0.0,,,False,True,,False,0.0,,True,(inferred:protein_coding),protein_coding
65,BCL10,ENSG00000142867,Stim8hr,0.6281,3.0,cytokine+context+network,0.58,0.711,0.455,1.0,0.939,0.0,0.3,suppress-inflammation,difficult,13.113211002631488,3456,TCR-proximal signaling,3455,→Th1,activation-induced,False,0.0,,,False,False,,False,0.0,,False,(inferred:protein_coding),protein_coding
66,CHD4,ENSG00000111642,Stim8hr,0.6265,3.0,cytokine+polarization+network,0.483,0.571,0.594,0.117,0.836,0.0,1.0,boost-immunity,novel-druggable,7.854961327872931,1517,,1516,→Th1,constitutive,False,0.0,,,True,False,Structure with Ligand,False,0.0,,True,SINGLE PROTEIN,protein_coding
67,DCK,ENSG00000156136,Stim48hr,0.6256,2.0,cytokine+context,0.401,0.776,0.364,0.998,0.696,0.0,1.0,suppress-inflammation,novel-druggable,6.410649352210729,500,,499,,late-activation,False,0.0,,,True,False,Structure with Ligand,False,0.0,,True,SINGLE PROTEIN,protein_coding
68,GTF2H5,ENSG00000272047,Stim8hr,0.625,2.0,cytokine+context,0.503,0.865,0.182,0.996,0.612,0.106,1.0,mixed,novel-druggable,23.1682924108104,256,,255,,activation-induced,True,1.0,5.301029995663981,other-autoimmune(1),True,False,Structure with Ligand,False,0.0,,True,(inferred:protein_coding),protein_coding
69,ORAI1,ENSG00000276045,Stim8hr,0.6201,2.0,cytokine+context,0.521,0.426,0.455,0.996,0.811,0.0,1.0,boost-immunity,novel-druggable,13.724840734787824,1250,,1249,,activation-induced,False,0.0,,,True,True,High-Quality Ligand,False,0.0,,True,SINGLE PROTEIN,protein_coding
70,ALG1,ENSG00000033011,Stim8hr,0.6201,2.0,polarization+context,0.363,0.723,0.422,0.998,0.668,0.0,1.0,suppress-inflammation,novel-druggable,3.519349559147316,400,,399,→Effector,activation-induced,False,0.0,,,False,True,,False,0.0,,True,SINGLE PROTEIN,protein_coding
71,ELOB,ENSG00000103363,Stim48hr,0.6196,3.0,cytokine+polarization+network,0.575,0.414,0.473,0.344,0.89,0.0,1.0,mixed,novel-druggable,15.399258391731934,2340,,2339,→Treg,constitutive,True,0.0,,,True,False,Structure with Ligand,False,0.0,,True,SINGLE PROTEIN,protein_coding
72,PMVK,ENSG00000163344,Stim48hr,0.617,2.0,cytokine+network,0.56,0.811,0.636,0.888,0.942,0.0,0.3,suppress-inflammation,difficult,10.625338298747694,3528,TCR-proximal signaling,3527,,constitutive,False,0.0,,,False,False,,False,0.0,,False,(inferred:protein_coding),protein_coding
73,GPI,ENSG00000105220,Stim48hr,0.6163,2.0,cytokine+network,0.602,0.563,0.364,0.772,0.856,0.0,1.0,suppress-inflammation,novel-druggable,20.55947339928412,1780,,1779,,constitutive,False,0.0,,,True,True,Structure with Ligand,False,0.0,,True,SINGLE PROTEIN,protein_coding
74,NRBP1,ENSG00000115216,Rest,0.6145,2.0,cytokine+polarization,0.393,0.764,0.453,0.322,0.663,0.306,1.0,boost-immunity,novel-druggable,7.377080500396872,385,,384,→Th2,constitutive,True,1.0,15.30102999566398,IBD(1),True,False,Druggable Family,False,0.0,,True,(inferred:protein_coding),protein_coding
75,COG6,ENSG00000133103,Stim8hr,0.6141,2.0,cytokine+context,0.422,0.314,0.273,0.999,0.802,0.421,1.0,suppress-inflammation,novel-druggable,2.694523900483848,1162,,1161,,activation-induced,True,35.0,21.045757490560675,RA(18); asthma-allergy(10); psoriasis(4); SLE(2); MS(2); other-autoimmune(1),False,True,,False,0.0,,True,SINGLE PROTEIN,protein_coding
76,LIG3,ENSG00000005156,Stim48hr,0.613,2.0,cytokine+context,0.46,0.449,0.455,0.998,0.804,0.0,1.0,suppress-inflammation,novel-druggable,6.980123824563979,1177,,1176,,late-activation,True,0.0,,,True,False,Structure with Ligand,False,0.0,,True,SINGLE PROTEIN,protein_coding
77,ACLY,ENSG00000131473,Stim48hr,0.6127,2.0,cytokine+network,0.594,0.557,0.455,0.99,0.895,0.0,0.7,suppress-inflammation,known-drug-target,17.329000580256267,2432,,2431,→Th2,constitutive,False,0.0,,,True,True,Approved Drug,True,1.0,ATP-citrate synthase inhibitor [INHIBITOR],False,SINGLE PROTEIN,protein_coding
78,CYCS,ENSG00000172115,Stim8hr,0.6125,2.0,cytokine+context,0.319,0.895,0.336,0.994,0.41,0.114,1.0,suppress-inflammation,novel-druggable,13.466405414349076,51,,50,→Th1,late-activation,True,1.0,5.698970004336019,SLE(1),True,False,Structure with Ligand,False,0.0,,True,SINGLE PROTEIN,protein_coding
79,METTL1,ENSG00000037897,Stim48hr,0.612,2.0,cytokine+polarization,0.437,0.511,0.545,0.427,0.814,0.206,1.0,mixed,novel-druggable,3.666250028283999,1283,,1282,→Th1; →Treg,constitutive,True,1.0,10.30102999566398,MS(1),True,False,Structure with Ligand,False,0.0,,True,(inferred:protein_coding),protein_coding
80,SMARCB1,ENSG00000099956,Rest,0.6089,3.0,cytokine+polarization+network,0.518,0.756,0.393,0.0,0.878,0.0,1.0,suppress-inflammation,novel-druggable,9.377832476599774,2130,,2129,→Treg,constitutive,False,0.0,,,True,False,Structure with Ligand,False,0.0,,True,SINGLE PROTEIN,protein_coding
81,CBFB,ENSG00000067955,Stim48hr,0.6089,2.0,cytokine+polarization,0.482,0.629,0.721,0.127,0.799,0.0,1.0,suppress-inflammation,novel-druggable,9.898467446317564,1133,,1132,→Effector,constitutive,False,0.0,,,True,False,Structure with Ligand,False,0.0,,True,SINGLE PROTEIN,protein_coding
82,STAT5B,ENSG00000173757,Stim48hr,0.6083,2.0,cytokine+polarization,0.47,0.698,0.545,0.0,0.79,0.264,1.0,suppress-inflammation,novel-druggable,8.918683919969254,1060,,1059,→Effector,constitutive,True,12.0,13.221848749616356,asthma-allergy(9); IBD(3),True,False,High-Quality Ligand,False,0.0,,True,SINGLE PROTEIN,protein_coding
83,KDM1A,ENSG00000004487,Stim48hr,0.6071,3.0,cytokine+polarization+network,0.616,0.718,0.455,0.182,0.918,0.0,0.7,suppress-inflammation,known-drug-target,18.57519939748311,2913,,2912,,constitutive,False,0.0,,,True,False,Advanced Clinical,True,1.0,Lysine-specific histone demethylase 1 inhibitor [INHIBITOR],False,SINGLE PROTEIN,protein_coding
84,TFAM,ENSG00000108064,Stim48hr,0.6066,2.0,cytokine+network,0.575,0.595,0.273,0.794,0.92,0.0,1.0,suppress-inflammation,novel-druggable,13.697047653998643,2961,Mitochondrial gene expression,2960,,constitutive,False,0.0,,,True,False,Structure with Ligand,False,0.0,,True,SINGLE PROTEIN,protein_coding
85,LCK,ENSG00000182866,Stim8hr,0.605,2.0,cytokine+network,0.522,0.727,0.455,0.773,0.894,0.0,0.7,suppress-inflammation,known-drug-target,8.989514710597316,2414,TCR-proximal signaling,2413,→Effector,constitutive,False,0.0,,,True,True,Approved Drug,True,8.0,Tyrosine-protein kinase LCK inhibitor [INHIBITOR],False,SINGLE PROTEIN,protein_coding
86,DDX39B,ENSG00000198563,Stim48hr,0.6049,2.0,polarization+context,0.298,0.804,0.41,0.869,0.485,0.114,1.0,suppress-inflammation,novel-druggable,6.650468590832944,93,,92,→Th2,late-activation,True,1.0,5.698970004336019,asthma-allergy(1),True,False,Structure with Ligand,False,0.0,,True,SINGLE PROTEIN,protein_coding
87,TFB1M,ENSG00000029639,Stim48hr,0.6045,2.0,cytokine+context,0.482,0.521,0.364,0.999,0.765,0.0,1.0,suppress-inflammation,novel-druggable,11.79719375259502,866,,865,→Treg,late-activation,False,0.0,,,True,False,Structure with Ligand,False,0.0,,True,(inferred:protein_coding),protein_coding
88,GET1,ENSG00000182093,Stim8hr,0.6042,2.0,cytokine+context,0.315,0.707,0.455,0.994,0.557,0.0,1.0,suppress-inflammation,novel-druggable,4.405935111107311,165,,164,,activation-induced,False,0.0,,,False,True,,False,0.0,,True,(inferred:protein_coding),protein_coding
89,N6AMT1,ENSG00000156239,Stim48hr,0.6038,2.0,cytokine+context,0.379,0.543,0.455,0.998,0.699,0.0,1.0,suppress-inflammation,novel-druggable,3.673014888117712,511,,510,,activation-induced,False,0.0,,,True,False,Structure with Ligand,False,0.0,,True,(inferred:protein_coding),protein_coding
90,LRPPRC,ENSG00000138095,Stim48hr,0.6036,2.0,cytokine+network,0.592,0.597,0.455,0.428,0.866,0.0,1.0,suppress-inflammation,novel-druggable,18.83716571849336,1926,Mitochondrial gene expression,1925,→Treg,constitutive,False,0.0,,,True,False,Structure with Ligand,False,0.0,,True,SINGLE PROTEIN,protein_coding
91,GNPNAT1,ENSG00000100522,Stim8hr,0.6032,2.0,cytokine+context,0.313,0.575,0.545,0.994,0.566,0.0,1.0,suppress-inflammation,novel-druggable,3.637588867189848,178,,177,,activation-induced,False,0.0,,,True,True,Structure with Ligand,False,0.0,,True,(inferred:protein_coding),protein_coding
92,ELAVL1,ENSG00000066044,Stim48hr,0.603,2.0,cytokine+network,0.833,0.513,0.545,0.001,0.871,0.0,1.0,boost-immunity,novel-druggable,46.69939837157333,2008,,2007,,constitutive,False,0.0,,,True,False,High-Quality Ligand,False,0.0,,True,SINGLE PROTEIN,protein_coding
93,CREBBP,ENSG00000005339,Stim8hr,0.6028,2.0,cytokine+network,0.658,0.626,0.636,0.311,0.92,0.0,0.7,suppress-inflammation,known-drug-target,23.397890150711373,2969,,2968,,constitutive,True,0.0,,,True,False,Structure with Ligand,False,1.0,,False,SINGLE PROTEIN,protein_coding
94,PTPN2,ENSG00000175354,Rest,0.6025,2.0,cytokine+polarization,0.397,0.309,0.717,0.0,0.672,0.542,1.0,boost-immunity,novel-druggable,7.271300386225767,414,,413,→Th1,constitutive,True,88.0,27.096910013008056,IBD(28); RA(26); other-autoimmune(15); T1D(14); psoriasis(12); asthma-allergy(2); SLE(1),True,True,Structure with Ligand,False,0.0,,True,SINGLE PROTEIN,protein_coding
95,MIA2,ENSG00000150527,Stim48hr,0.6013,2.0,cytokine+network,0.526,0.581,0.265,0.935,0.84,0.0,1.0,suppress-inflammation,novel-druggable,12.660553407161007,1566,,1565,→Th1,constitutive,True,0.0,,,False,True,,False,0.0,,True,(inferred:protein_coding),protein_coding
96,FZD6,ENSG00000164930,Stim8hr,0.5995,2.0,cytokine+context,0.436,0.618,0.273,0.999,0.825,0.0,1.0,suppress-inflammation,novel-druggable,2.906857106024274,1395,,1394,,activation-induced,False,0.0,,,False,True,,False,0.0,,True,(inferred:protein_coding),protein_coding
97,OXA1L,ENSG00000155463,Stim48hr,0.598,2.0,cytokine+network,0.568,0.543,0.364,0.705,0.838,0.0,1.0,suppress-inflammation,novel-druggable,17.699254484582493,1542,,1541,,constitutive,False,0.0,,,True,True,Structure with Ligand,False,0.0,,True,SINGLE PROTEIN,protein_coding
98,NCKAP1L,ENSG00000123338,Rest,0.5976,2.0,cytokine+network,0.735,0.547,0.545,0.0,0.919,0.0,1.0,boost-immunity,novel-druggable,32.36533068028317,2947,,2946,,constitutive,False,0.0,,,False,True,,False,0.0,,True,SINGLE PROTEIN,protein_coding
99,MED12,ENSG00000184634,Stim8hr,0.5967,3.0,cytokine+polarization+network,0.554,0.703,0.744,0.186,0.962,0.0,0.3,suppress-inflammation,difficult,8.788787110955338,4142,SAGA/Mediator coactivator,4141,→Th1; →Effector,constitutive,False,0.0,,,False,False,,False,0.0,,False,SINGLE PROTEIN,protein_coding
100,PPCDC,ENSG00000138621,Stim8hr,0.5951,2.0,cytokine+context,0.436,0.29,0.377,0.999,0.747,0.214,1.0,boost-immunity,novel-druggable,7.508552726543048,751,,750,→Effector,activation-induced,True,3.0,10.69897000433602,asthma-allergy(2); SLE(1),True,False,Structure with Ligand,False,0.0,,True,(inferred:protein_coding),protein_coding
101,DOHH,ENSG00000129932,Stim48hr,0.5945,2.0,cytokine+network,0.447,0.716,0.364,0.644,0.789,0.0,1.0,suppress-inflammation,novel-druggable,6.29717996959864,1052,,1051,,constitutive,False,0.0,,,True,False,Structure with Ligand,False,0.0,,True,SINGLE PROTEIN,protein_coding
102,GATA3,ENSG00000107485,Stim8hr,0.5916,2.0,cytokine+polarization,0.574,0.625,0.831,0.171,0.81,0.324,0.3,suppress-inflammation,difficult,19.995103304780407,1239,,1238,→Th1,constitutive,True,35.0,16.221848749616356,RA(15); asthma-allergy(13); T1D(3); MS(2); IBD(1); other-autoimmune(1),False,False,,False,0.0,,False,(inferred:protein_coding),protein_coding
103,TMED9,ENSG00000184840,Stim8hr,0.5899,2.0,cytokine+network,0.528,0.767,0.388,0.243,0.902,0.0,1.0,mixed,novel-druggable,9.232095585726972,2577,,2576,→Treg,constitutive,False,0.0,,,True,True,Structure with Ligand,False,0.0,,True,SINGLE PROTEIN,protein_coding
104,PDHA1,ENSG00000131828,Stim48hr,0.5898,2.0,cytokine+context,0.513,0.394,0.364,0.999,0.775,0.0,1.0,suppress-inflammation,novel-druggable,14.812702594014262,939,,938,,late-activation,False,0.0,,,True,False,Structure with Ligand,False,0.0,,True,SINGLE PROTEIN,protein_coding
105,GNPAT,ENSG00000116906,Stim8hr,0.5887,3.0,cytokine+polarization+context,0.338,0.342,0.404,0.995,0.584,0.0,1.0,boost-immunity,novel-druggable,5.510349479339465,205,,204,→Th1,activation-induced,False,0.0,,,False,True,,False,0.0,,True,SINGLE PROTEIN,protein_coding
106,RNF20,ENSG00000155827,Stim48hr,0.5884,3.0,cytokine+polarization+context,0.427,0.754,0.455,0.999,0.775,0.0,0.3,suppress-inflammation,difficult,4.780116827511398,935,,934,→Th1,activation-induced,False,0.0,,,False,False,,False,0.0,,False,(inferred:protein_coding),protein_coding
107,COX6C,ENSG00000164919,Stim8hr,0.5876,2.0,cytokine+network,0.567,0.489,0.364,0.697,0.834,0.0,1.0,mixed,novel-druggable,17.78242717547921,1494,,1493,→Effector,constitutive,True,0.0,,,True,True,Structure with Ligand,False,0.0,,True,SINGLE PROTEIN,protein_coding
108,SND1,ENSG00000197157,Stim8hr,0.5856,2.0,cytokine+context,0.434,0.511,0.455,0.997,0.5,0.0,1.0,suppress-inflammation,novel-druggable,21.66368269172751,105,,104,→Th2,late-activation,False,0.0,,,True,False,Structure with Ligand,False,0.0,,True,SINGLE PROTEIN,protein_coding
109,IMPDH2,ENSG00000178035,Stim48hr,0.5846,2.0,cytokine+polarization,0.45,0.705,0.401,0.94,0.79,0.0,0.7,suppress-inflammation,known-drug-target,6.681475240130619,1055,,1054,→Th1; →Treg,constitutive,False,0.0,,,True,True,Approved Drug,True,7.0,,False,SINGLE PROTEIN,protein_coding
110,SUPT20H,ENSG00000102710,Stim8hr,0.5845,3.0,cytokine+polarization+network,0.635,0.634,0.718,0.125,0.956,0.0,0.3,mixed,difficult,18.60351722439309,3948,SAGA/Mediator coactivator,3947,→Th1; →Effector,constitutive,False,0.0,,,False,False,,False,0.0,,False,(inferred:protein_coding),protein_coding
111,RPRD2,ENSG00000163125,Stim48hr,0.5843,2.0,cytokine+network,0.591,0.549,0.364,0.293,0.911,0.814,0.3,boost-immunity,difficult,16.037433639147977,2755,,2754,,constitutive,True,2.0,40.69897000433602,asthma-allergy(2),False,False,,False,0.0,,False,SINGLE PROTEIN,protein_coding
112,RNFT2,ENSG00000135119,Stim48hr,0.5837,2.0,cytokine+context,0.464,0.513,0.273,0.999,0.795,0.0,1.0,suppress-inflammation,novel-druggable,7.951538392036575,1104,,1103,,late-activation,False,0.0,,,False,True,,False,0.0,,True,(inferred:protein_coding),protein_coding
113,NDFIP2,ENSG00000102471,Stim8hr,0.5821,2.0,cytokine+context,0.52,0.472,0.273,0.999,0.76,0.0,1.0,suppress-inflammation,novel-druggable,16.507232922287095,835,,834,,activation-induced,False,0.0,,,False,True,,False,0.0,,True,(inferred:protein_coding),protein_coding
114,MAX,ENSG00000125952,Stim8hr,0.5821,2.0,cytokine+network,0.599,0.449,0.091,0.923,0.884,0.154,1.0,boost-immunity,novel-druggable,18.59104351892798,2223,,2222,,constitutive,True,1.0,7.698970004336019,asthma-allergy(1),True,False,Structure with Ligand,False,0.0,,True,SINGLE PROTEIN,protein_coding
115,MTPAP,ENSG00000107951,Stim48hr,0.5818,2.0,cytokine+context,0.419,0.584,0.267,0.999,0.752,0.0,1.0,boost-immunity,novel-druggable,5.2157584242184925,784,,783,→Th1,late-activation,False,0.0,,,True,False,Med-Quality Pocket,False,0.0,,True,(inferred:protein_coding),protein_coding
116,LETM2,ENSG00000165046,Stim48hr,0.5793,2.0,cytokine+context,0.383,0.536,0.364,0.997,0.663,0.0,1.0,boost-immunity,novel-druggable,6.1532450055532255,386,,385,,late-activation,True,0.0,,,False,True,,False,0.0,,True,(inferred:protein_coding),protein_coding
117,ATXN7L3,ENSG00000087152,Stim8hr,0.579,2.0,cytokine+network,0.548,0.524,0.364,0.562,0.867,0.0,1.0,mixed,novel-druggable,13.557483353777297,1942,,1941,,constitutive,False,0.0,,,False,True,,False,0.0,,True,(inferred:protein_coding),protein_coding
118,TMEM234,ENSG00000160055,Stim8hr,0.5787,2.0,cytokine+context,0.284,0.847,0.273,0.992,0.527,0.0,1.0,boost-immunity,novel-druggable,2.589999111147949,130,,129,→Effector,activation-induced,False,0.0,,,False,True,,False,0.0,,True,(inferred:protein_coding),protein_coding
119,MEN1,ENSG00000133895,Stim48hr,0.5778,3.0,cytokine+polarization+network,0.465,0.599,0.364,0.563,0.88,0.0,0.7,suppress-inflammation,known-drug-target,3.096732726094004,2157,,2156,,constitutive,False,0.0,,,True,False,Phase 1 Clinical,True,3.0,Menin inhibitor [INHIBITOR],False,SINGLE PROTEIN,protein_coding
120,NDUFAF3,ENSG00000178057,Stim48hr,0.5775,3.0,cytokine+context+network,0.626,0.522,0.091,0.994,0.865,0.0,0.7,suppress-inflammation,known-drug-target,22.778179516713195,1923,,1922,,late-activation,False,0.0,,,True,False,Approved Drug,True,3.0,Mitochondrial complex I (NADH dehydrogenase) inhibitor [INHIBITOR],False,PROTEIN COMPLEX,protein_coding
121,CTPS1,ENSG00000171793,Stim8hr,0.5749,2.0,cytokine+context,0.452,0.496,0.349,0.838,0.769,0.0,1.0,suppress-inflammation,novel-druggable,8.056806220548136,892,,891,→Th1; →Effector,activation-induced,False,0.0,,,True,False,Structure with Ligand,False,0.0,,True,SINGLE PROTEIN,protein_coding
122,GJC1,ENSG00000182963,Stim48hr,0.5732,2.0,cytokine+context,0.278,0.779,0.301,0.992,0.531,0.0,1.0,suppress-inflammation,novel-druggable,1.6701093292655824,134,,133,→Effector,activation-induced,False,0.0,,,False,True,,False,0.0,,True,(inferred:protein_coding),protein_coding
123,SMARCA5,ENSG00000153147,Rest,0.5727,2.0,cytokine+network,0.587,0.79,0.364,0.0,0.912,0.0,1.0,boost-immunity,novel-druggable,15.575834259022333,2786,,2785,,constitutive,False,0.0,,,True,False,Structure with Ligand,False,0.0,,True,SINGLE PROTEIN,protein_coding
124,SEL1L,ENSG00000071537,Stim8hr,0.5725,3.0,cytokine+polarization+network,0.461,0.55,0.49,0.0,0.775,0.0,1.0,suppress-inflammation,novel-druggable,8.738205537919114,937,,936,→Th1,constitutive,True,0.0,,,False,True,,False,0.0,,True,(inferred:protein_coding),protein_coding
125,NFKB2,ENSG00000077150,Stim8hr,0.5717,2.0,cytokine+polarization,0.687,0.465,0.545,0.506,0.821,0.0,0.7,boost-immunity,known-drug-target,32.57992844326427,1350,,1349,→Th1; →Effector,constitutive,True,0.0,,,True,False,Advanced Clinical,True,1.0,,False,SINGLE PROTEIN,protein_coding
126,GTF3C6,ENSG00000155115,Stim8hr,0.569,3.0,cytokine+polarization+context,0.42,0.715,0.43,0.998,0.73,0.0,0.3,boost-immunity,difficult,6.617485401025941,654,,653,→Th1,activation-induced,False,0.0,,,False,False,,False,0.0,,False,(inferred:protein_coding),protein_coding
127,GOLT1B,ENSG00000111711,Stim8hr,0.5677,2.0,cytokine+context,0.273,0.781,0.309,0.988,0.474,0.0,1.0,suppress-inflammation,novel-druggable,4.415419117346142,85,,84,→Th1,activation-induced,False,0.0,,,False,True,,False,0.0,,True,SINGLE PROTEIN,protein_coding
128,ATP5F1A,ENSG00000152234,Stim48hr,0.5669,2.0,cytokine+polarization,0.517,0.508,0.265,0.8,0.786,0.0,1.0,mixed,novel-druggable,14.664214044969173,1021,,1020,→Treg,constitutive,False,0.0,,,True,True,Structure with Ligand,False,0.0,,True,SINGLE PROTEIN,protein_coding
129,DLAT,ENSG00000150768,Stim48hr,0.5668,2.0,cytokine+context,0.507,0.488,0.182,0.999,0.797,0.0,1.0,suppress-inflammation,novel-druggable,12.924449564533292,1116,,1115,,late-activation,False,0.0,,,True,False,Structure with Ligand,False,0.0,,True,SINGLE PROTEIN,protein_coding
130,KMT2E,ENSG00000005483,Stim48hr,0.5648,2.0,cytokine+polarization,0.479,0.446,0.512,0.454,0.769,0.0,1.0,suppress-inflammation,novel-druggable,11.19958178917156,896,,895,→Treg,constitutive,True,0.0,,,False,True,,False,0.0,,True,SINGLE PROTEIN,protein_coding
131,MAEA,ENSG00000090316,Stim8hr,0.5648,3.0,cytokine+polarization+network,0.551,0.434,0.462,0.0,0.805,0.0,1.0,suppress-inflammation,novel-druggable,17.534725372837727,1190,,1189,→Effector,mixed,False,0.0,,,False,True,,False,0.0,,True,(inferred:protein_coding),protein_coding
132,DENR,ENSG00000139726,Rest,0.5639,2.0,cytokine+network,0.617,0.534,0.361,0.314,0.864,0.0,1.0,boost-immunity,novel-druggable,21.85865216718166,1897,,1896,→Treg,constitutive,False,0.0,,,True,False,Structure with Ligand,False,0.0,,True,SINGLE PROTEIN,protein_coding
133,TAF13,ENSG00000197780,Stim8hr,0.5629,2.0,cytokine+network,0.626,0.641,0.286,0.208,0.935,0.0,1.0,boost-immunity,novel-druggable,18.79031052926205,3342,,3341,→Effector,constitutive,False,0.0,,,True,False,Structure with Ligand,False,0.0,,True,(inferred:protein_coding),protein_coding
134,ME3,ENSG00000151376,Stim48hr,0.5578,2.0,cytokine+context,0.261,0.741,0.182,0.991,0.513,0.134,1.0,mixed,novel-druggable,0.7089589051863894,116,,115,,late-activation,True,3.0,6.698970004336019,asthma-allergy(2); other-autoimmune(1),True,False,Structure with Ligand,False,0.0,,True,SINGLE PROTEIN,protein_coding
135,TRAF3,ENSG00000131323,Rest,0.5578,2.0,cytokine+network,0.69,0.585,0.364,0.095,0.82,0.71,0.3,boost-immunity,difficult,32.8951748253116,1344,,1343,,constitutive,True,19.0,35.52287874528034,asthma-allergy(14); MS(4); SLE(1),False,False,,False,0.0,,False,(inferred:protein_coding),protein_coding
136,MTCH2,ENSG00000109919,Stim48hr,0.5572,2.0,cytokine+context,0.439,0.539,0.182,0.999,0.737,0.0,1.0,suppress-inflammation,novel-druggable,8.392552912392494,693,,692,,late-activation,False,0.0,,,False,True,,False,0.0,,True,SINGLE PROTEIN,protein_coding
137,CCDC12,ENSG00000160799,Stim8hr,0.557,2.0,cytokine+context,0.384,0.567,0.091,0.998,0.718,0.16,1.0,suppress-inflammation,novel-druggable,3.067652134376165,594,,593,,activation-induced,True,1.0,8.0,other-autoimmune(1),True,False,Structure with Ligand,False,0.0,,True,(inferred:protein_coding),protein_coding
138,SMPD1,ENSG00000166311,Stim48hr,0.5551,2.0,polarization+context,0.298,0.427,0.407,0.986,0.457,0.134,1.0,boost-immunity,novel-druggable,8.314233751566821,74,,73,→Effector,late-activation,True,1.0,6.698970004336019,asthma-allergy(1),True,True,Structure with Ligand,False,0.0,,True,SINGLE PROTEIN,protein_coding
139,MED15,ENSG00000099917,Stim48hr,0.5551,2.0,cytokine+network,0.633,0.545,0.364,0.0,0.82,0.154,1.0,mixed,novel-druggable,26.3227085082091,1341,,1340,→Th1,constitutive,True,1.0,7.698970004336019,psoriasis(1),True,False,Structure with Ligand,False,0.0,,True,(inferred:protein_coding),protein_coding
140,RB1CC1,ENSG00000023287,Stim8hr,0.5547,2.0,cytokine+context,0.466,0.232,0.364,0.999,0.77,0.0,1.0,mixed,novel-druggable,9.686413870295867,902,,901,,activation-induced,False,0.0,,,True,False,Structure with Ligand,False,0.0,,True,(inferred:protein_coding),protein_coding
141,SMG7,ENSG00000116698,Stim8hr,0.554,2.0,cytokine+network,0.479,0.505,0.364,0.028,0.855,1.0,0.3,suppress-inflammation,difficult,6.238777427335317,1765,,1764,,constitutive,True,15.0,87.52287874528034,SLE(13); other-autoimmune(4); RA(2),False,False,,False,0.0,,False,SINGLE PROTEIN,protein_coding
142,MMGT1,ENSG00000169446,Stim48hr,0.5537,2.0,cytokine+context,0.468,0.484,0.182,0.999,0.743,0.0,1.0,suppress-inflammation,novel-druggable,11.3911227905986,730,,729,,late-activation,False,0.0,,,True,True,Structure with Ligand,False,0.0,,True,SINGLE PROTEIN,protein_coding
143,TNPO1,ENSG00000083312,Rest,0.5534,3.0,cytokine+polarization+network,0.407,0.419,0.396,0.342,0.74,0.0,1.0,mixed,novel-druggable,4.444656692547505,711,,710,→Effector,constitutive,True,0.0,,,True,False,Structure with Ligand,False,0.0,,True,SINGLE PROTEIN,protein_coding
144,PPP3R1,ENSG00000221823,Stim8hr,0.5532,2.0,cytokine+context,0.561,0.402,0.182,0.998,0.721,0.0,1.0,suppress-inflammation,novel-druggable,23.64690016628666,613,,612,,activation-induced,False,0.0,,,True,True,Structure with Ligand,False,0.0,,True,SINGLE PROTEIN,protein_coding
145,EPB41L3,ENSG00000082397,Stim8hr,0.5526,2.0,cytokine+context,0.386,0.408,0.182,0.999,0.755,0.143,1.0,suppress-inflammation,novel-druggable,1.171554209664918,801,,800,,activation-induced,True,1.0,7.154901959985743,other-autoimmune(1),True,True,Structure with Ligand,False,0.0,,True,(inferred:protein_coding),protein_coding
146,TAF6L,ENSG00000162227,Stim8hr,0.5522,3.0,cytokine+polarization+network,0.568,0.716,0.545,0.159,0.976,0.0,0.3,mixed,difficult,9.505512887153154,4639,SAGA/Mediator coactivator,4638,→Th1,constitutive,False,0.0,,,False,False,,False,0.0,,False,(inferred:protein_coding),protein_coding
147,TRAF6,ENSG00000175104,Stim8hr,0.5521,2.0,cytokine+context,0.267,0.845,0.091,0.988,0.471,0.14,1.0,suppress-inflammation,novel-druggable,3.780735838081303,83,,82,,activation-induced,True,3.0,7.0,RA(3),False,True,,False,0.0,,True,SINGLE PROTEIN,protein_coding
148,NAA30,ENSG00000139977,Rest,0.5511,2.0,cytokine+network,0.466,0.692,0.364,0.228,0.817,0.0,1.0,boost-immunity,novel-druggable,6.934639124872205,1311,,1310,,constitutive,False,0.0,,,True,False,Structure with Ligand,False,0.0,,True,(inferred:protein_coding),protein_coding
149,AP2A1,ENSG00000196961,Stim48hr,0.5506,2.0,cytokine+context,0.296,0.72,0.289,0.982,0.42,0.0,1.0,suppress-inflammation,novel-druggable,10.215593169376136,55,,54,→Th1,late-activation,False,0.0,,,False,True,,False,0.0,,True,SINGLE PROTEIN,protein_coding
150,CLPB,ENSG00000162129,Stim48hr,0.5504,2.0,cytokine+context,0.373,0.536,0.273,0.969,0.626,0.0,1.0,suppress-inflammation,novel-druggable,7.223912577901449,286,,285,,late-activation,False,0.0,,,True,False,Structure with Ligand,False,0.0,,True,(inferred:protein_coding),protein_coding
151,IFNGR1,ENSG00000027697,Stim8hr,0.5495,2.0,polarization+context,0.33,0.428,0.53,0.991,0.506,0.168,0.7,suppress-inflammation,known-drug-target,9.17301022499052,110,,109,→Th2; →Treg,activation-induced,True,1.0,8.397940008672037,other-autoimmune(1),True,True,Structure with Ligand,False,1.0,Interferon gamma receptor agonist [AGONIST],False,PROTEIN COMPLEX,protein_coding
152,SMG9,ENSG00000105771,Stim48hr,0.5481,2.0,cytokine+polarization,0.477,0.515,0.398,0.414,0.785,0.0,1.0,suppress-inflammation,novel-druggable,10.106620109064746,1012,,1011,→Th1,constitutive,True,0.0,,,True,False,Structure with Ligand,False,0.0,,True,(inferred:protein_coding),protein_coding
153,ATAD3A,ENSG00000197785,Stim48hr,0.5478,2.0,cytokine+context,0.421,0.496,0.182,0.999,0.742,0.0,1.0,mixed,novel-druggable,6.05311898885792,720,,719,,late-activation,False,0.0,,,False,True,,False,0.0,,True,SINGLE PROTEIN,protein_coding
154,IST1,ENSG00000182149,Rest,0.546,2.0,cytokine+polarization,0.496,0.78,0.42,0.0,0.709,0.0,1.0,mixed,novel-druggable,16.751495168007523,554,,553,→Th1; →Effector,constitutive,False,0.0,,,False,True,,False,0.0,,True,(inferred:protein_coding),protein_coding
155,BATF,ENSG00000156127,Stim48hr,0.5458,2.0,cytokine+polarization,0.451,0.562,0.818,0.273,0.716,0.244,0.3,suppress-inflammation,difficult,11.062747177024624,587,,586,→Treg,constitutive,True,12.0,12.221848749616356,MS(5); RA(5); asthma-allergy(2),False,False,,False,0.0,,False,(inferred:protein_coding),protein_coding
156,SRP9,ENSG00000143742,Stim8hr,0.5453,2.0,cytokine+context,0.354,0.644,0.182,0.996,0.601,0.0,1.0,mixed,novel-druggable,6.417895297548121,235,,234,,activation-induced,True,0.0,,,True,False,Structure with Ligand,False,0.0,,True,SINGLE PROTEIN,protein_coding
157,SCAF4,ENSG00000156304,Stim48hr,0.5447,2.0,cytokine+polarization,0.487,0.789,0.526,0.565,0.719,0.168,0.3,suppress-inflammation,difficult,15.050954738158737,600,,599,→Th2,constitutive,True,1.0,8.397940008672037,RA(1),False,False,,False,0.0,,False,(inferred:protein_coding),protein_coding
158,STIP1,ENSG00000168439,Stim8hr,0.5443,2.0,cytokine+network,0.539,0.518,0.455,0.169,0.784,0.0,1.0,boost-immunity,novel-druggable,17.397163913477165,1008,,1007,→Effector,constitutive,True,0.0,,,True,True,Structure with Ligand,False,0.0,,True,SINGLE PROTEIN,protein_coding
159,PTEN,ENSG00000171862,Stim8hr,0.5442,2.0,cytokine+network,0.606,0.591,0.273,0.0,0.845,0.174,1.0,suppress-inflammation,novel-druggable,21.664840700100868,1639,,1638,,constitutive,True,2.0,8.698970004336019,asthma-allergy(2),True,True,Structure with Ligand,False,0.0,,True,SINGLE PROTEIN,protein_coding
160,USP7,ENSG00000187555,Stim48hr,0.5423,2.0,cytokine+network,0.468,0.782,0.273,0.198,0.811,0.0,1.0,mixed,novel-druggable,7.543722717103,1247,,1246,,constitutive,True,0.0,,,True,False,Structure with Ligand,False,0.0,,True,SINGLE PROTEIN,protein_coding
161,TPST2,ENSG00000128294,Stim48hr,0.5421,2.0,cytokine+context,0.271,0.686,0.273,0.987,0.462,0.0,1.0,suppress-inflammation,novel-druggable,4.800638466528297,77,,76,,late-activation,False,0.0,,,True,True,Structure with Ligand,False,0.0,,True,SINGLE PROTEIN,protein_coding
162,DOP1B,ENSG00000142197,Stim48hr,0.542,2.0,cytokine+network,0.583,0.363,0.273,0.532,0.931,0.0,1.0,mixed,novel-druggable,13.945407457177629,3241,,3240,,constitutive,False,0.0,,,False,True,,False,0.0,,True,(inferred:protein_coding),protein_coding
163,RBCK1,ENSG00000125826,Stim48hr,0.5402,2.0,cytokine+context,0.416,0.558,0.636,0.99,0.737,0.0,0.3,suppress-inflammation,difficult,5.755026317308081,692,,691,,late-activation,True,0.0,,,False,False,,False,0.0,,False,PROTEIN COMPLEX,protein_coding
164,FANCL,ENSG00000115392,Stim8hr,0.5401,2.0,cytokine+context,0.312,0.654,0.091,0.997,0.568,0.143,1.0,suppress-inflammation,novel-druggable,3.360809861390192,181,,180,,activation-induced,True,1.0,7.154901959985743,other-autoimmune(1),True,False,Structure with Ligand,False,0.0,,True,(inferred:protein_coding),protein_coding
165,UQCRC2,ENSG00000140740,Stim48hr,0.5391,2.0,cytokine+context,0.338,0.798,0.091,0.994,0.521,0.0,1.0,suppress-inflammation,novel-druggable,9.213773260528775,124,,123,,activation-induced,False,0.0,,,True,True,Structure with Ligand,False,0.0,,True,SINGLE PROTEIN,protein_coding
166,PITRM1,ENSG00000107959,Stim48hr,0.5385,2.0,cytokine+context,0.47,0.498,0.091,0.999,0.763,0.0,1.0,suppress-inflammation,novel-druggable,10.454314975655947,856,,855,,late-activation,False,0.0,,,True,False,Structure with Ligand,False,0.0,,True,SINGLE PROTEIN,protein_coding
167,STAT5A,ENSG00000126561,Stim48hr,0.5374,2.0,cytokine+context,0.407,0.493,0.091,0.937,0.614,0.202,1.0,suppress-inflammation,novel-druggable,11.875015398301178,261,,260,,late-activation,True,4.0,10.096910013008056,asthma-allergy(3); IBD(1),True,False,Structure with Ligand,False,0.0,,True,SINGLE PROTEIN,protein_coding
168,TSC1,ENSG00000165699,Stim48hr,0.5371,2.0,cytokine+network,0.461,0.546,0.455,0.0,0.806,0.104,1.0,suppress-inflammation,novel-druggable,7.011039107104755,1199,,1198,→Effector,constitutive,True,1.0,5.221848749616356,psoriasis(1),False,True,,False,0.0,,True,(inferred:protein_coding),protein_coding
169,WAC,ENSG00000095787,Stim8hr,0.5366,3.0,cytokine+polarization+network,0.515,0.601,0.545,0.36,0.897,0.0,0.3,suppress-inflammation,difficult,7.912762706010021,2476,,2475,→Effector,constitutive,True,0.0,,,False,False,,False,0.0,,False,(inferred:protein_coding),protein_coding
170,AHR,ENSG00000106546,Rest,0.5364,2.0,cytokine+network,0.578,0.637,0.545,0.0,0.912,0.0,0.7,boost-immunity,known-drug-target,14.455686669745589,2790,,2789,,constitutive,True,0.0,,,True,False,Approved Drug,True,1.0,Aryl hydrocarbon receptor agonist [AGONIST],False,SINGLE PROTEIN,protein_coding
171,TIMM10,ENSG00000134809,Stim8hr,0.536,2.0,cytokine+context,0.46,0.145,0.338,0.999,0.79,0.0,1.0,mixed,novel-druggable,7.73646371386508,1056,,1055,→Th1,activation-induced,False,0.0,,,True,True,Structure with Ligand,False,0.0,,True,SINGLE PROTEIN,protein_coding
172,INO80B,ENSG00000115274,Stim8hr,0.5352,2.0,cytokine+polarization,0.432,0.501,0.424,0.442,0.676,0.0,1.0,mixed,novel-druggable,11.112572494115318,428,,427,→Th1,constitutive,False,0.0,,,True,False,Structure with Ligand,False,0.0,,True,(inferred:protein_coding),protein_coding
173,GNE,ENSG00000159921,Stim48hr,0.5349,2.0,cytokine+context,0.419,0.478,0.182,0.997,0.656,0.0,1.0,suppress-inflammation,novel-druggable,10.875444344751209,363,,362,,late-activation,False,0.0,,,True,False,Structure with Ligand,False,0.0,,True,SINGLE PROTEIN,protein_coding
174,TADA1,ENSG00000152382,Stim8hr,0.5348,3.0,cytokine+polarization+network,0.545,0.63,0.595,0.107,0.946,0.0,0.3,mixed,difficult,8.596299314782403,3649,SAGA/Mediator coactivator,3648,→Th1; →Effector,constitutive,True,0.0,,,False,False,,False,0.0,,False,(inferred:protein_coding),protein_coding
175,FLCN,ENSG00000154803,Stim48hr,0.5343,2.0,cytokine+context,0.401,0.505,0.182,0.964,0.67,0.0,1.0,suppress-inflammation,novel-druggable,7.926366799471207,408,,407,,late-activation,False,0.0,,,True,True,Structure with Ligand,False,0.0,,True,(inferred:protein_coding),protein_coding
176,WAS,ENSG00000015285,Rest,0.5323,2.0,cytokine+polarization,0.401,0.26,0.557,0.877,0.357,0.0,1.0,suppress-inflammation,novel-druggable,26.16958843161823,33,,32,→Th2,constitutive,False,0.0,,,True,True,Structure with Ligand,False,0.0,,True,(inferred:protein_coding),protein_coding
177,KDM8,ENSG00000155666,Stim48hr,0.5284,2.0,cytokine+context,0.27,0.526,0.3,0.992,0.517,0.0,1.0,suppress-inflammation,novel-druggable,1.526013063537064,120,,119,→Th1,late-activation,False,0.0,,,True,False,Structure with Ligand,False,0.0,,True,SINGLE PROTEIN,protein_coding
178,PGAP2,ENSG00000148985,Stim48hr,0.5278,2.0,cytokine+context,0.328,0.445,0.273,0.996,0.598,0.0,1.0,suppress-inflammation,novel-druggable,3.489670990960556,230,,229,,late-activation,False,0.0,,,False,True,,False,0.0,,True,(inferred:protein_coding),protein_coding
179,MTA2,ENSG00000149480,Stim8hr,0.5274,3.0,cytokine+polarization+network,0.552,0.6,0.65,0.064,0.852,0.0,0.3,mixed,difficult,14.935270973768338,1729,,1728,→Th1,constitutive,False,0.0,,,False,False,,False,0.0,,False,SINGLE PROTEIN,protein_coding
180,HMBS,ENSG00000256269,Stim8hr,0.5271,2.0,cytokine+context,0.502,0.137,0.273,0.999,0.789,0.0,1.0,mixed,novel-druggable,12.7350869875171,1047,,1046,,activation-induced,False,0.0,,,True,False,Structure with Ligand,False,0.0,,True,SINGLE PROTEIN,protein_coding
181,DNTTIP1,ENSG00000101457,Stim8hr,0.5234,2.0,cytokine+network,0.656,0.565,0.364,0.84,0.909,0.0,0.3,boost-immunity,difficult,23.71096140773837,2725,,2724,,constitutive,False,0.0,,,False,False,,False,0.0,,False,(inferred:protein_coding),protein_coding
182,CCNT1,ENSG00000129315,Stim48hr,0.5227,2.0,cytokine+context,0.373,0.493,0.182,0.996,0.594,0.0,1.0,suppress-inflammation,novel-druggable,9.05721014377082,222,,221,,late-activation,True,0.0,,,True,False,Structure with Ligand,False,0.0,,True,SINGLE PROTEIN,protein_coding
183,IL2RA,ENSG00000134460,Stim48hr,0.5226,2.0,cytokine+polarization,0.257,0.076,0.469,0.441,0.323,1.0,0.7,suppress-inflammation,known-drug-target,11.327331368218507,25,,24,→Effector,mixed,True,74.0,55.52287874528034,asthma-allergy(31); other-autoimmune(15); psoriasis(13); RA(13); IBD(5); T1D(4); MS(3),False,True,,True,7.0,Interleukin-2 receptor alpha chain antagonist [ANTAGONIST]; Interleukin-2 receptor alpha chain binding agent [BINDING AGENT],False,SINGLE PROTEIN,protein_coding
184,DNAAF2,ENSG00000165506,Stim8hr,0.5222,2.0,cytokine+context,0.339,0.532,0.182,0.995,0.581,0.0,1.0,suppress-inflammation,novel-druggable,5.806374201069224,201,,200,,activation-induced,False,0.0,,,False,True,,False,0.0,,True,(inferred:protein_coding),protein_coding
185,TOMM70,ENSG00000154174,Stim48hr,0.5214,3.0,cytokine+polarization+context,0.277,0.477,0.182,0.919,0.431,0.0,1.0,suppress-inflammation,novel-druggable,7.376177138660357,60,,59,,late-activation,False,0.0,,,False,True,,False,0.0,,True,SINGLE PROTEIN,protein_coding
186,BRPF1,ENSG00000156983,Stim8hr,0.521,2.0,cytokine+network,0.568,0.59,0.182,0.28,0.856,0.0,1.0,suppress-inflammation,novel-druggable,16.502082893558093,1788,,1787,,constitutive,False,0.0,,,True,True,Structure with Ligand,False,0.0,,True,SINGLE PROTEIN,protein_coding
187,CSDE1,ENSG00000009307,Rest,0.5201,2.0,cytokine+network,0.649,0.512,0.314,0.0,0.858,0.0,1.0,suppress-inflammation,novel-druggable,25.93760748273524,1814,,1813,→Th1,constitutive,True,0.0,,,False,True,,False,0.0,,True,SINGLE PROTEIN,protein_coding
188,GTF3C5,ENSG00000148308,Stim8hr,0.5188,2.0,cytokine+context,0.352,0.856,0.182,0.996,0.603,0.328,0.3,suppress-inflammation,difficult,6.057717527233461,239,,238,,activation-induced,True,1.0,16.397940008672037,T1D(1),False,False,,False,0.0,,False,SINGLE PROTEIN,protein_coding
189,XIAP,ENSG00000101966,Stim8hr,0.5178,2.0,cytokine+context,0.276,0.789,0.091,0.987,0.44,0.0,1.0,suppress-inflammation,novel-druggable,6.657302194537452,65,,64,,activation-induced,False,0.0,,,True,False,Structure with Ligand,False,0.0,,True,SINGLE PROTEIN,protein_coding
190,MEST,ENSG00000106484,Stim8hr,0.516,2.0,cytokine+context,0.418,0.312,0.182,0.998,0.735,0.0,1.0,boost-immunity,novel-druggable,6.035064773397279,682,,681,,activation-induced,False,0.0,,,False,True,,False,0.0,,True,SINGLE PROTEIN,protein_coding
191,PPCS,ENSG00000127125,Stim8hr,0.516,2.0,cytokine+polarization,0.419,0.523,0.472,0.079,0.754,0.0,1.0,mixed,novel-druggable,5.133297688711335,792,,791,→Th1; →Effector,mixed,False,0.0,,,True,False,Structure with Ligand,False,0.0,,True,(inferred:protein_coding),protein_coding
192,DIS3L,ENSG00000166938,Stim8hr,0.5141,2.0,cytokine+context,0.399,0.397,0.182,0.996,0.618,0.0,1.0,suppress-inflammation,novel-druggable,10.703114471885948,270,,269,,activation-induced,False,0.0,,,False,True,,False,0.0,,True,(inferred:protein_coding),protein_coding
193,CXXC1,ENSG00000154832,Stim48hr,0.5122,2.0,cytokine+polarization,0.42,0.742,0.636,0.428,0.763,0.0,0.3,suppress-inflammation,difficult,4.650916245162281,853,,852,,constitutive,False,0.0,,,False,False,,False,0.0,,False,SINGLE PROTEIN,protein_coding
194,ATG14,ENSG00000126775,Stim48hr,0.5117,2.0,cytokine+context,0.338,0.445,0.182,0.996,0.617,0.0,1.0,suppress-inflammation,novel-druggable,3.601052720856205,267,,266,,late-activation,True,0.0,,,True,True,Structure with Ligand,False,0.0,,True,SINGLE PROTEIN,protein_coding
195,LMTK2,ENSG00000164715,Stim8hr,0.5117,2.0,cytokine+polarization,0.431,0.301,0.279,0.776,0.719,0.0,1.0,boost-immunity,novel-druggable,8.517262142169765,600,,599,→Th1,constitutive,False,0.0,,,True,True,Druggable Family,False,0.0,,True,SINGLE PROTEIN,protein_coding
196,MPG,ENSG00000103152,Stim48hr,0.5105,2.0,cytokine+context,0.378,0.682,0.0,0.994,0.557,0.0,1.0,suppress-inflammation,novel-druggable,11.7322816172389,166,,165,,activation-induced,False,0.0,,,True,False,High-Quality Ligand,False,0.0,,True,SINGLE PROTEIN,protein_coding
197,PHIP,ENSG00000146247,Stim48hr,0.5103,2.0,cytokine+context,0.39,0.515,0.091,0.927,0.517,0.104,1.0,suppress-inflammation,novel-druggable,15.480832889913284,120,,119,,late-activation,True,1.0,5.221848749616356,other-autoimmune(1),True,False,Structure with Ligand,False,0.0,,True,SINGLE PROTEIN,protein_coding
198,ADAM19,ENSG00000135074,Stim48hr,0.5091,2.0,cytokine+polarization,0.393,0.178,0.479,0.298,0.682,0.222,1.0,boost-immunity,novel-druggable,6.240291494839422,449,,448,→Th1; →Effector,constitutive,True,5.0,11.096910013008056,asthma-allergy(4); psoriasis(1),False,True,,False,0.0,,True,(inferred:protein_coding),protein_coding
199,VBP1,ENSG00000155959,Stim48hr,0.5089,2.0,cytokine+context,0.387,0.526,0.182,0.981,0.413,0.0,1.0,suppress-inflammation,novel-druggable,21.236540509586085,52,,51,,late-activation,False,0.0,,,True,False,Structure with Ligand,False,0.0,,True,(inferred:protein_coding),protein_coding
200,SIN3B,ENSG00000127511,Stim48hr,0.506,2.0,cytokine+network,0.525,0.532,0.273,0.125,0.843,0.0,1.0,suppress-inflammation,novel-druggable,12.31814441387797,1614,,1613,,constitutive,False,0.0,,,True,True,Structure with Ligand,False,0.0,,True,(inferred:protein_coding),protein_coding
201,ZNF649,ENSG00000198093,Stim48hr,0.5059,2.0,cytokine+context,0.453,0.627,0.364,0.999,0.803,0.0,0.3,suppress-inflammation,difficult,6.165889161322197,1174,,1173,,late-activation,False,0.0,,,False,False,,False,0.0,,False,(inferred:protein_coding),protein_coding
202,POLRMT,ENSG00000099821,Stim48hr,0.5056,2.0,cytokine+context,0.28,0.514,0.182,0.994,0.547,0.0,1.0,suppress-inflammation,novel-druggable,0.948530243780268,153,,152,,late-activation,False,0.0,,,True,False,Structure with Ligand,False,0.0,,True,SINGLE PROTEIN,protein_coding
203,WAPL,ENSG00000062650,Stim8hr,0.5053,2.0,cytokine+context,0.427,0.674,0.364,0.999,0.766,0.0,0.3,suppress-inflammation,difficult,5.274157744120465,876,,875,,activation-induced,True,0.0,,,False,False,,False,0.0,,False,SINGLE PROTEIN,protein_coding
204,PPP4C,ENSG00000149923,Stim48hr,0.503,2.0,cytokine+polarization,0.254,0.901,0.416,0.117,0.389,0.0,1.0,suppress-inflammation,novel-druggable,7.040014405727322,43,,42,→Th1; →Effector,constitutive,True,0.0,,,False,True,,False,0.0,,True,SINGLE PROTEIN,protein_coding
205,KTN1,ENSG00000126777,Stim8hr,0.5022,2.0,cytokine+context,0.387,0.465,0.182,0.92,0.504,0.0,1.0,mixed,novel-druggable,15.990671608166569,108,,107,,activation-induced,False,0.0,,,False,True,,False,0.0,,True,SINGLE PROTEIN,protein_coding
206,HEATR3,ENSG00000155393,Stim8hr,0.5019,2.0,cytokine+context,0.379,0.765,0.364,0.998,0.673,0.0,0.3,mixed,difficult,5.082326091031544,417,,416,→Effector,activation-induced,True,0.0,,,False,False,,False,0.0,,False,(inferred:protein_coding),protein_coding
207,LEO1,ENSG00000166477,Stim8hr,0.5005,3.0,cytokine+polarization+network,0.565,0.581,0.547,0.0,0.906,0.0,0.3,suppress-inflammation,difficult,13.311349892022893,2664,,2663,→Effector,constitutive,False,0.0,,,False,False,,False,0.0,,False,SINGLE PROTEIN,protein_coding
208,ARPC1B,ENSG00000130429,Stim48hr,0.4991,2.0,cytokine+context,0.451,0.561,0.091,0.897,0.44,0.0,1.0,mixed,novel-druggable,27.14788361533128,65,,64,,activation-induced,False,0.0,,,True,False,Structure with Ligand,False,0.0,,True,SINGLE PROTEIN,protein_coding
209,GNG5,ENSG00000174021,Stim8hr,0.4985,2.0,cytokine+context,0.328,0.27,0.273,0.996,0.594,0.0,1.0,suppress-inflammation,novel-druggable,3.737522249055362,223,,222,,activation-induced,False,0.0,,,False,True,,False,0.0,,True,(inferred:protein_coding),protein_coding
210,TIMP1,ENSG00000102265,Stim8hr,0.4983,2.0,cytokine+context,0.252,0.5,0.273,0.99,0.368,0.0,1.0,suppress-inflammation,novel-druggable,8.059393245155452,36,,35,,activation-induced,False,0.0,,,False,True,,False,0.0,,True,(inferred:protein_coding),protein_coding
211,TNRC6A,ENSG00000090905,Stim48hr,0.4968,2.0,cytokine+network,0.484,0.564,0.364,0.93,0.838,0.0,0.3,mixed,difficult,7.76336855552497,1547,,1546,,constitutive,True,0.0,,,False,False,,False,0.0,,False,(inferred:protein_coding),protein_coding
212,CCDC134,ENSG00000100147,Stim48hr,0.4946,2.0,cytokine+context,0.355,0.246,0.364,0.858,0.508,0.0,1.0,boost-immunity,novel-druggable,11.949429364211191,112,,111,,late-activation,False,0.0,,,False,True,,False,0.0,,True,(inferred:protein_coding),protein_coding
213,NAB2,ENSG00000166886,Stim8hr,0.4941,2.0,polarization+context,0.459,0.569,0.435,0.997,0.632,0.0,0.3,boost-immunity,difficult,16.88158589006466,302,,301,→Th1,activation-induced,False,0.0,,,False,False,,False,0.0,,False,(inferred:protein_coding),protein_coding
214,GSS,ENSG00000100983,Stim48hr,0.4939,2.0,cytokine+polarization,0.4,0.436,0.41,0.242,0.675,0.0,1.0,suppress-inflammation,novel-druggable,7.486619501483103,424,,423,→Treg,constitutive,False,0.0,,,True,False,Structure with Ligand,False,0.0,,True,SINGLE PROTEIN,protein_coding
215,RAP2A,ENSG00000125249,Stim8hr,0.4926,2.0,cytokine+context,0.286,0.496,0.182,0.986,0.455,0.0,1.0,suppress-inflammation,novel-druggable,6.95969561470157,73,,72,,activation-induced,False,0.0,,,True,True,Structure with Ligand,False,0.0,,True,(inferred:protein_coding),protein_coding
216,RAB11FIP1,ENSG00000156675,Stim8hr,0.4909,2.0,cytokine+context,0.532,0.057,0.182,0.998,0.716,0.0,1.0,boost-immunity,novel-druggable,20.51354574926861,588,,587,,activation-induced,False,0.0,,,True,False,Structure with Ligand,False,0.0,,True,(inferred:protein_coding),protein_coding
217,COASY,ENSG00000068120,Stim8hr,0.487,2.0,cytokine+context,0.388,0.527,0.367,0.998,0.724,0.1,0.3,mixed,difficult,3.1869415482584755,623,,622,→Th1,activation-induced,True,1.0,5.0,IBD(1),False,False,,False,0.0,,False,SINGLE PROTEIN,protein_coding
218,DHX36,ENSG00000174953,Stim48hr,0.4859,2.0,cytokine+network,0.522,0.561,0.727,0.0,0.888,0.0,0.3,suppress-inflammation,difficult,9.363145639568671,2299,,2298,,constitutive,False,0.0,,,False,False,,False,0.0,,False,SINGLE PROTEIN,protein_coding
219,RICTOR,ENSG00000164327,Stim48hr,0.4845,2.0,cytokine+polarization,0.399,0.477,0.434,0.105,0.618,0.0,1.0,suppress-inflammation,novel-druggable,10.73779904750624,269,,268,→Treg,constitutive,False,0.0,,,True,True,Structure with Ligand,False,0.0,,True,SINGLE PROTEIN,protein_coding
220,UFL1,ENSG00000014123,Stim8hr,0.4815,2.0,cytokine+polarization,0.463,0.777,0.455,0.341,0.818,0.0,0.3,boost-immunity,difficult,6.4556585013794034,1321,,1320,→Th1; →Effector,constitutive,False,0.0,,,False,False,,False,0.0,,False,SINGLE PROTEIN,protein_coding
221,CDC25B,ENSG00000101224,Stim8hr,0.4813,2.0,cytokine+polarization,0.486,0.36,0.4,0.0,0.807,0.0,1.0,boost-immunity,novel-druggable,9.793112612801773,1208,,1207,→Effector,mixed,True,0.0,,,True,False,Structure with Ligand,False,0.0,,True,SINGLE PROTEIN,protein_coding
222,SMG1,ENSG00000157106,Stim8hr,0.4812,2.0,cytokine+network,0.482,0.253,0.364,0.138,0.907,0.0,1.0,suppress-inflammation,novel-druggable,3.471467132562452,2684,,2683,,constitutive,False,0.0,,,True,False,Structure with Ligand,False,0.0,,True,SINGLE PROTEIN,protein_coding
223,NFKB1,ENSG00000109320,Rest,0.4803,2.0,cytokine+polarization,0.358,0.21,0.531,0.391,0.481,0.354,0.7,boost-immunity,known-drug-target,13.872222492377736,90,,89,→Th1,constitutive,True,19.0,17.69897000433602,asthma-allergy(8); other-autoimmune(7); IBD(3); psoriasis(2); MS(1),True,True,Advanced Clinical,True,1.0,,False,SINGLE PROTEIN,protein_coding
224,DPH5,ENSG00000117543,Stim48hr,0.4799,2.0,cytokine+polarization,0.49,0.536,0.451,0.443,0.812,0.144,0.3,mixed,difficult,10.027805448740509,1254,,1253,→Treg,constitutive,True,2.0,7.221848749616356,IBD(2),False,False,,False,0.0,,False,(inferred:protein_coding),protein_coding
225,EGR2,ENSG00000122877,Stim8hr,0.4793,2.0,cytokine+context,0.475,0.542,0.182,0.999,0.763,0.17,0.3,suppress-inflammation,difficult,11.061330168611285,855,,854,,activation-induced,True,1.0,8.522878745280337,asthma-allergy(1),False,False,,False,0.0,,False,(inferred:protein_coding),protein_coding
226,USP22,ENSG00000124422,Stim48hr,0.4787,2.0,cytokine+network,0.65,0.555,0.545,0.144,0.86,0.0,0.3,suppress-inflammation,difficult,25.840992081721925,1849,,1848,,constitutive,False,0.0,,,False,False,,False,0.0,,False,SINGLE PROTEIN,protein_coding
227,CAMK1,ENSG00000134072,Stim48hr,0.4779,2.0,cytokine+context,0.308,0.401,0.182,0.984,0.433,0.0,1.0,suppress-inflammation,novel-druggable,10.879698110229633,61,,60,,late-activation,False,0.0,,,True,False,Structure with Ligand,False,0.0,,True,SINGLE PROTEIN,protein_coding
228,COX19,ENSG00000240230,Stim8hr,0.4762,2.0,cytokine+context,0.371,0.742,0.091,0.998,0.636,0.263,0.3,suppress-inflammation,difficult,6.362562164244811,310,,309,,activation-induced,True,5.0,13.154901959985745,IBD(5),False,False,,False,0.0,,False,(inferred:protein_coding),protein_coding
229,IRF8,ENSG00000140968,Stim8hr,0.4758,2.0,cytokine+context,0.342,0.29,0.323,0.989,0.478,0.543,0.3,boost-immunity,difficult,12.212445366013316,88,,87,→Th1,activation-induced,True,5.0,27.154901959985743,SLE(4); other-autoimmune(1),False,False,,False,0.0,,False,(inferred:protein_coding),protein_coding
230,GAB2,ENSG00000033327,Stim48hr,0.4725,2.0,cytokine+context,0.297,0.433,0.182,0.914,0.422,0.0,1.0,suppress-inflammation,novel-druggable,10.242711921534642,56,,55,,activation-induced,True,0.0,,,True,True,Structure with Ligand,False,0.0,,True,(inferred:protein_coding),protein_coding
231,FAM204A,ENSG00000165669,Stim8hr,0.4717,2.0,cytokine+context,0.345,0.831,0.273,0.993,0.536,0.0,0.3,suppress-inflammation,difficult,9.096392661840817,140,,139,,activation-induced,False,0.0,,,False,False,,False,0.0,,False,(inferred:protein_coding),protein_coding
232,GRSF1,ENSG00000132463,Stim48hr,0.4712,2.0,context+network,0.693,0.503,0.091,0.998,0.86,0.0,0.3,suppress-inflammation,difficult,30.89855700992183,1849,,1848,,late-activation,False,0.0,,,False,False,,False,0.0,,False,(inferred:protein_coding),protein_coding
233,MIPEP,ENSG00000027001,Stim48hr,0.4708,2.0,cytokine+network,0.489,0.536,0.273,0.868,0.879,0.0,0.3,suppress-inflammation,difficult,6.004003365005119,2144,Mitochondrial gene expression,2143,,constitutive,False,0.0,,,False,False,,False,0.0,,False,(inferred:protein_coding),protein_coding
234,RTRAF,ENSG00000087302,Stim8hr,0.4708,2.0,cytokine+network,0.552,0.664,0.273,0.333,0.887,0.16,0.3,suppress-inflammation,difficult,12.83220507213412,2287,,2286,,constitutive,True,1.0,8.0,other-autoimmune(1),False,False,,False,0.0,,False,SINGLE PROTEIN,protein_coding
235,LIN7C,ENSG00000148943,Stim48hr,0.4696,2.0,cytokine+polarization,0.343,0.069,0.441,0.956,0.313,0.0,1.0,suppress-inflammation,novel-druggable,21.906199402756567,23,,22,→Th2,activation-induced,False,0.0,,,False,True,,False,0.0,,True,(inferred:protein_coding),protein_coding
236,CARS2,ENSG00000134905,Stim48hr,0.4689,2.0,cytokine+context,0.468,0.76,0.091,0.999,0.79,0.0,0.3,suppress-inflammation,difficult,8.689248628194793,1059,,1058,,late-activation,False,0.0,,,False,False,,False,0.0,,False,(inferred:protein_coding),protein_coding
237,ALKBH2,ENSG00000189046,Stim48hr,0.4685,2.0,cytokine+context,0.28,0.214,0.269,0.991,0.49,0.0,1.0,boost-immunity,novel-druggable,4.1860333891918415,97,,96,→Effector,activation-induced,False,0.0,,,True,False,Structure with Ligand,False,0.0,,True,SINGLE PROTEIN,protein_coding
238,NDUFA9,ENSG00000139180,Stim48hr,0.4665,2.0,cytokine+context,0.423,0.45,0.091,0.998,0.701,0.0,0.7,suppress-inflammation,known-drug-target,8.612995678005658,521,,520,,late-activation,False,0.0,,,True,False,Approved Drug,True,3.0,Mitochondrial complex I (NADH dehydrogenase) inhibitor [INHIBITOR],False,PROTEIN COMPLEX,protein_coding
239,ZMYM2,ENSG00000121741,Stim8hr,0.4655,2.0,polarization+context,0.472,0.412,0.413,0.997,0.634,0.0,0.3,hub/context (direction depends on downstream),difficult,18.29199677801317,305,,304,→Th1,activation-induced,False,0.0,,,False,False,,False,0.0,,False,(inferred:protein_coding),protein_coding
240,GPT2,ENSG00000166123,Stim8hr,0.4627,2.0,cytokine+context,0.278,0.874,0.273,0.99,0.493,0.0,0.3,suppress-inflammation,difficult,3.881499916110538,99,,98,,activation-induced,False,0.0,,,False,False,,False,0.0,,False,(inferred:protein_coding),protein_coding
241,APC,ENSG00000134982,Rest,0.4611,2.0,cytokine+polarization,0.36,0.429,0.431,0.0,0.646,0.0,1.0,mixed,novel-druggable,4.461051071292344,337,,336,→Th2; →Treg,mixed,False,0.0,,,True,True,Structure with Ligand,False,0.0,,True,SINGLE PROTEIN,protein_coding
242,PARP2,ENSG00000129484,Stim48hr,0.4603,2.0,cytokine+context,0.313,0.538,0.182,0.95,0.544,0.0,0.7,suppress-inflammation,known-drug-target,4.936286017773915,149,,148,,activation-induced,False,0.0,,,True,False,Approved Drug,True,12.0,Poly [ADP-ribose] polymerase 2 inhibitor [INHIBITOR],False,SINGLE PROTEIN,protein_coding
243,UBXN1,ENSG00000162191,Stim8hr,0.4599,3.0,cytokine+context+network,0.526,0.194,0.182,1.0,0.939,0.0,0.3,mixed,difficult,6.792549085997379,3444,,3443,,activation-induced,False,0.0,,,False,False,,False,0.0,,False,SINGLE PROTEIN,protein_coding
244,WDR59,ENSG00000103091,Rest,0.4595,2.0,cytokine+polarization,0.408,0.779,0.419,0.404,0.707,0.0,0.3,mixed,difficult,6.485458894684584,547,,546,→Treg,constitutive,True,0.0,,,False,False,,False,0.0,,False,(inferred:protein_coding),protein_coding
245,NFRKB,ENSG00000170322,Stim8hr,0.459,2.0,cytokine+network,0.632,0.632,0.455,0.0,0.917,0.0,0.3,suppress-inflammation,difficult,20.5438187996058,2892,,2891,,constitutive,False,0.0,,,False,False,,False,0.0,,False,SINGLE PROTEIN,protein_coding
246,PDSS2,ENSG00000164494,Rest,0.4587,2.0,cytokine+network,0.438,0.782,0.355,0.405,0.776,0.0,0.3,suppress-inflammation,difficult,6.105850058475155,943,,942,→Th1,constitutive,False,0.0,,,False,False,,False,0.0,,False,(inferred:protein_coding),protein_coding
247,HNRNPM,ENSG00000099783,Stim8hr,0.458,2.0,polarization+context,0.35,0.568,0.404,0.993,0.536,0.0,0.3,hub/context (direction depends on downstream),difficult,9.697004338130547,140,,139,→Th1,activation-induced,False,0.0,,,False,False,,False,0.0,,False,SINGLE PROTEIN,protein_coding
248,INTS10,ENSG00000104613,Stim48hr,0.4569,2.0,cytokine+network,0.569,0.542,0.337,0.488,0.875,0.0,0.3,boost-immunity,difficult,15.59288355511929,2076,,2075,→Effector,constitutive,False,0.0,,,False,False,,False,0.0,,False,(inferred:protein_coding),protein_coding
249,SEC14L1,ENSG00000129657,Stim8hr,0.4534,2.0,cytokine+context,0.387,0.534,0.182,0.998,0.728,0.134,0.3,suppress-inflammation,difficult,2.810861061256782,646,,645,,activation-induced,True,1.0,6.698970004336019,other-autoimmune(1),False,False,,False,0.0,,False,(inferred:protein_coding),protein_coding
250,QRSL1,ENSG00000130348,Stim48hr,0.4518,2.0,cytokine+context,0.379,0.498,0.364,0.996,0.618,0.0,0.3,suppress-inflammation,difficult,8.342910007525184,269,,268,,late-activation,False,0.0,,,False,False,,False,0.0,,False,(inferred:protein_coding),protein_coding
251,TFAP4,ENSG00000090447,Stim48hr,0.4503,2.0,cytokine+polarization,0.377,0.514,0.502,0.615,0.689,0.0,0.3,suppress-inflammation,difficult,4.022820213518194,472,,471,→Th1,constitutive,True,0.0,,,False,False,,False,0.0,,False,(inferred:protein_coding),protein_coding
252,EIF4G2,ENSG00000110321,Stim8hr,0.449,2.0,cytokine+network,0.54,0.478,0.545,0.114,0.9,0.0,0.3,suppress-inflammation,difficult,10.718678286206217,2530,,2529,→Th1,constitutive,True,0.0,,,False,False,,False,0.0,,False,SINGLE PROTEIN,protein_coding
253,ZBTB14,ENSG00000198081,Stim48hr,0.4472,2.0,cytokine+context,0.342,0.771,0.182,0.995,0.588,0.0,0.3,suppress-inflammation,difficult,5.75542747996358,211,,210,,activation-induced,False,0.0,,,False,False,,False,0.0,,False,SINGLE PROTEIN,protein_coding
254,PCGF1,ENSG00000115289,Stim8hr,0.447,2.0,cytokine+polarization,0.574,0.618,0.412,0.224,0.776,0.0,0.3,boost-immunity,difficult,21.95315300590408,948,,947,→Th2,constitutive,False,0.0,,,False,False,,False,0.0,,False,(inferred:protein_coding),protein_coding
255,INTS15,ENSG00000146576,Stim8hr,0.4468,2.0,cytokine+context,0.414,0.788,0.091,0.997,0.63,0.0,0.3,mixed,difficult,11.7251923615863,296,,295,,activation-induced,False,0.0,,,False,False,,False,0.0,,False,(inferred:protein_coding),protein_coding
256,BTAF1,ENSG00000095564,Stim48hr,0.4462,2.0,cytokine+network,0.563,0.577,0.455,0.173,0.816,0.0,0.3,suppress-inflammation,difficult,18.3151079945977,1296,,1295,→Th2,constitutive,False,0.0,,,False,False,,False,0.0,,False,(inferred:protein_coding),protein_coding
257,ECSIT,ENSG00000130159,Stim48hr,0.4432,2.0,cytokine+context,0.478,0.508,0.182,0.999,0.737,0.0,0.3,suppress-inflammation,difficult,13.014000296798857,694,,693,,late-activation,False,0.0,,,False,False,,False,0.0,,False,(inferred:protein_coding),protein_coding
258,NDRG1,ENSG00000104419,Stim8hr,0.4417,2.0,cytokine+context,0.307,0.093,0.182,0.994,0.557,0.0,1.0,boost-immunity,novel-druggable,3.470247609364161,166,,165,,activation-induced,False,0.0,,,False,True,,False,0.0,,True,SINGLE PROTEIN,protein_coding
259,RNASEH2A,ENSG00000104889,Stim48hr,0.4406,2.0,cytokine+context,0.27,0.167,0.182,0.99,0.497,0.0,1.0,mixed,novel-druggable,2.644083405403857,102,,101,,late-activation,False,0.0,,,True,False,High-Quality Pocket,False,0.0,,True,(inferred:protein_coding),protein_coding
260,PPP1R14B,ENSG00000173457,Stim48hr,0.4401,2.0,cytokine+context,0.257,0.91,0.182,0.986,0.451,0.0,0.3,suppress-inflammation,difficult,3.803403894005275,71,,70,,late-activation,False,0.0,,,False,False,,False,0.0,,False,(inferred:protein_coding),protein_coding
261,COMMD5,ENSG00000170619,Stim48hr,0.44,2.0,cytokine+context,0.352,0.713,0.182,0.996,0.594,0.0,0.3,suppress-inflammation,difficult,6.5429228968414925,222,,221,,late-activation,False,0.0,,,False,False,,False,0.0,,False,(inferred:protein_coding),protein_coding
262,NCAPG2,ENSG00000146918,Stim48hr,0.4393,2.0,cytokine+network,0.433,0.701,0.303,0.434,0.804,0.0,0.3,mixed,difficult,3.858748545047805,1179,,1178,→Treg,constitutive,True,0.0,,,False,False,,False,0.0,,False,(inferred:protein_coding),protein_coding
263,ARID4B,ENSG00000054267,Stim8hr,0.4383,2.0,cytokine+context,0.407,0.429,0.286,0.94,0.605,0.11,0.3,suppress-inflammation,difficult,12.376928236739683,242,,241,→Th1,activation-induced,True,1.0,5.522878745280337,asthma-allergy(1),False,False,,False,0.0,,False,(inferred:protein_coding),protein_coding
264,ZNF622,ENSG00000173545,Stim48hr,0.4329,2.0,cytokine+context,0.302,0.424,0.0,0.901,0.446,0.0,1.0,suppress-inflammation,novel-druggable,9.356189032054262,68,,67,,late-activation,False,0.0,,,True,False,Structure with Ligand,False,0.0,,True,(inferred:protein_coding),protein_coding
265,CCDC22,ENSG00000101997,Stim48hr,0.4313,2.0,cytokine+polarization,0.432,0.42,0.393,0.685,0.723,0.0,0.3,suppress-inflammation,difficult,8.443440260152347,619,,618,→Th2,late-activation,False,0.0,,,False,False,,False,0.0,,False,SINGLE PROTEIN,protein_coding
266,WDR82,ENSG00000164091,Stim48hr,0.4312,2.0,cytokine+network,0.545,0.849,0.182,0.177,0.839,0.0,0.3,suppress-inflammation,difficult,14.841124596088736,1563,,1562,,constitutive,False,0.0,,,False,False,,False,0.0,,False,SINGLE PROTEIN,protein_coding
267,BAP1,ENSG00000163930,Stim48hr,0.4287,2.0,cytokine+context,0.332,0.651,0.182,0.996,0.613,0.0,0.3,suppress-inflammation,difficult,3.1704592636665208,258,,257,,activation-induced,False,0.0,,,False,False,,False,0.0,,False,SINGLE PROTEIN,protein_coding
268,TFG,ENSG00000114354,Stim8hr,0.4276,2.0,cytokine+context,0.472,0.478,0.182,0.97,0.678,0.0,0.3,mixed,difficult,15.743929457616094,434,,433,,activation-induced,False,0.0,,,False,False,,False,0.0,,False,CHIMERIC PROTEIN,protein_coding
269,E2F4,ENSG00000205250,Stim48hr,0.4252,2.0,polarization+context,0.375,0.338,0.429,0.99,0.498,0.0,0.3,boost-immunity,known-drug-target,14.931260230366044,103,,102,→Effector,late-activation,False,0.0,,,False,False,,False,1.0,E2F inhibitor [INHIBITOR],False,PROTEIN FAMILY,protein_coding
270,IRF2BP1,ENSG00000170604,Stim8hr,0.4248,2.0,cytokine+polarization,0.345,0.445,0.427,0.559,0.583,0.154,0.3,suppress-inflammation,difficult,6.392958237639123,204,,203,→Th1; →Effector,constitutive,True,1.0,7.698970004336019,other-autoimmune(1),False,False,,False,0.0,,False,(inferred:protein_coding),protein_coding
271,HCCS,ENSG00000004961,Stim48hr,0.4247,2.0,cytokine+polarization,0.433,0.68,0.364,0.205,0.809,0.0,0.3,suppress-inflammation,difficult,3.548277654463,1231,,1230,,constitutive,False,0.0,,,False,False,,False,0.0,,False,SINGLE PROTEIN,protein_coding
272,CEP135,ENSG00000174799,Stim48hr,0.4239,2.0,cytokine+context,0.32,0.819,0.091,0.992,0.522,0.0,0.3,mixed,difficult,7.001658404976221,125,,124,,late-activation,False,0.0,,,False,False,,False,0.0,,False,(inferred:protein_coding),protein_coding
273,ATF7IP2,ENSG00000166669,Stim8hr,0.4221,2.0,context+network,0.583,0.162,0.091,1.0,0.91,0.12,0.3,suppress-inflammation,difficult,15.165205141858202,2731,,2730,,activation-induced,True,1.0,6.0,asthma-allergy(1),False,False,,False,0.0,,False,(inferred:protein_coding),protein_coding
274,VPS8,ENSG00000156931,Stim48hr,0.4206,2.0,cytokine+context,0.448,0.425,0.182,0.994,0.705,0.0,0.3,boost-immunity,difficult,11.39462947246907,537,,536,,late-activation,True,0.0,,,False,False,,False,0.0,,False,(inferred:protein_coding),protein_coding
275,ZC3H10,ENSG00000135482,Stim48hr,0.4187,2.0,cytokine+context,0.405,0.45,0.091,0.997,0.655,0.16,0.3,suppress-inflammation,difficult,9.241659409470405,360,,359,,late-activation,True,2.0,8.0,T1D(1); other-autoimmune(1),False,False,,False,0.0,,False,(inferred:protein_coding),protein_coding
276,COMMD7,ENSG00000149600,Stim48hr,0.4169,2.0,cytokine+context,0.429,0.508,0.091,0.991,0.509,0.168,0.3,suppress-inflammation,difficult,20.58353185370776,113,,112,,late-activation,True,3.0,8.397940008672037,IBD(3); other-autoimmune(1); psoriasis(1),False,False,,False,0.0,,False,(inferred:protein_coding),protein_coding
277,TOR1A,ENSG00000136827,Rest,0.4166,2.0,cytokine+polarization,0.439,0.147,0.473,0.0,0.463,0.0,1.0,boost-immunity,novel-druggable,24.41706117166156,78,,77,→Th2,constitutive,False,0.0,,,True,True,Structure with Ligand,False,0.0,,True,(inferred:protein_coding),protein_coding
278,RBFA,ENSG00000101546,Stim8hr,0.4152,2.0,cytokine+context,0.36,0.0,0.182,0.83,0.541,0.0,1.0,boost-immunity,novel-druggable,10.544852934448777,146,,145,,activation-induced,False,0.0,,,True,False,Structure with Ligand,False,0.0,,True,(inferred:protein_coding),protein_coding
279,STRAP,ENSG00000023734,Rest,0.4087,2.0,cytokine+network,0.54,0.568,0.377,0.0,0.85,0.0,0.3,suppress-inflammation,difficult,13.62300385381343,1700,,1699,→Treg,constitutive,False,0.0,,,False,False,,False,0.0,,False,SINGLE PROTEIN,protein_coding
280,CROT,ENSG00000005469,Rest,0.4085,2.0,cytokine+polarization,0.329,0.692,0.435,0.32,0.541,0.0,0.3,boost-immunity,difficult,7.024416092772015,146,,145,→Th2; →Treg,constitutive,False,0.0,,,False,False,,False,0.0,,False,SINGLE PROTEIN,protein_coding
281,WDR24,ENSG00000127580,Stim48hr,0.408,2.0,polarization+context,0.241,0.469,0.409,0.992,0.384,0.0,0.3,hub/context (direction depends on downstream),difficult,5.862712061795605,41,,40,→Th1,activation-induced,False,0.0,,,False,False,,False,0.0,,False,(inferred:protein_coding),protein_coding
282,LBH,ENSG00000213626,Stim8hr,0.4046,2.0,cytokine+context,0.283,0.23,0.182,0.991,0.504,0.4,0.3,mixed,difficult,3.796931019311603,108,,107,,activation-induced,True,26.0,20.0,RA(14); SLE(8); asthma-allergy(2); MS(1); other-autoimmune(1); IBD(1),False,False,,False,0.0,,False,(inferred:protein_coding),protein_coding
283,FBXO32,ENSG00000156804,Rest,0.4028,2.0,cytokine+polarization,0.463,0.318,0.609,0.0,0.821,0.0,0.3,boost-immunity,difficult,6.3643721463942695,1355,,1354,→Th1,mixed,False,0.0,,,False,False,,False,0.0,,False,(inferred:protein_coding),protein_coding
284,ANP32B,ENSG00000136938,Stim8hr,0.4008,2.0,cytokine+context,0.452,0.357,0.182,0.996,0.62,0.0,0.3,boost-immunity,difficult,16.703117659046068,274,,273,,activation-induced,True,0.0,,,False,False,,False,0.0,,False,SINGLE PROTEIN,protein_coding
285,NAF1,ENSG00000145414,Stim8hr,0.4003,2.0,cytokine+context,0.371,0.286,0.273,0.997,0.661,0.0,0.3,boost-immunity,difficult,4.847575569367808,379,,378,,activation-induced,True,0.0,,,False,False,,False,0.0,,False,SINGLE PROTEIN,protein_coding
286,JUNB,ENSG00000171223,Stim48hr,0.399,2.0,cytokine+polarization,0.368,0.538,0.394,0.492,0.539,0.0,0.3,suppress-inflammation,difficult,11.638366050704647,143,,142,→Treg,constitutive,False,0.0,,,False,False,,False,0.0,,False,(inferred:protein_coding),protein_coding
287,FNBP4,ENSG00000109920,Stim8hr,0.3963,2.0,cytokine+polarization,0.466,0.464,0.407,0.175,0.768,0.0,0.3,mixed,difficult,9.799104671878728,884,,883,→Th2,constitutive,True,0.0,,,False,False,,False,0.0,,False,(inferred:protein_coding),protein_coding
288,NXT1,ENSG00000132661,Stim48hr,0.3883,2.0,cytokine+context,0.364,0.397,0.273,0.897,0.497,0.0,0.3,suppress-inflammation,difficult,13.698698872397804,102,,101,,late-activation,False,0.0,,,False,False,,False,0.0,,False,(inferred:protein_coding),protein_coding
289,UBE2F,ENSG00000184182,Stim8hr,0.3865,2.0,cytokine+context,0.336,0.473,0.182,0.99,0.497,0.0,0.3,boost-immunity,difficult,10.374550462793412,102,,101,,activation-induced,True,0.0,,,False,False,,False,0.0,,False,SINGLE PROTEIN,protein_coding
290,HMGXB3,ENSG00000113716,Stim48hr,0.3854,2.0,cytokine+context,0.269,0.43,0.273,0.989,0.471,0.0,0.3,suppress-inflammation,difficult,4.032623404320211,83,,82,,activation-induced,True,0.0,,,False,False,,False,0.0,,False,(inferred:protein_coding),protein_coding
291,MTX2,ENSG00000128654,Stim48hr,0.3822,2.0,polarization+context,0.347,0.488,0.0,0.96,0.56,0.168,0.3,suppress-inflammation,difficult,7.97053469845605,170,,169,,late-activation,True,1.0,8.397940008672037,other-autoimmune(1),False,False,,False,0.0,,False,SINGLE PROTEIN,protein_coding
292,DHX30,ENSG00000132153,Stim48hr,0.3755,2.0,cytokine+context,0.395,0.4,0.091,0.968,0.622,0.0,0.3,boost-immunity,difficult,9.967523259730758,277,,276,,late-activation,True,0.0,,,False,False,,False,0.0,,False,SINGLE PROTEIN,protein_coding
293,UTP23,ENSG00000147679,Stim48hr,0.371,2.0,cytokine+context,0.328,0.341,0.182,0.994,0.561,0.0,0.3,suppress-inflammation,difficult,5.734110794979997,171,,170,,late-activation,False,0.0,,,False,False,,False,0.0,,False,(inferred:protein_coding),protein_coding
294,GABPB1,ENSG00000104064,Stim8hr,0.3705,2.0,cytokine+network,0.543,0.579,0.091,0.211,0.841,0.0,0.3,suppress-inflammation,difficult,14.535528320161182,1582,,1581,,constitutive,False,0.0,,,False,False,,False,0.0,,False,(inferred:protein_coding),protein_coding
295,SPAG7,ENSG00000091640,Stim8hr,0.369,2.0,cytokine+context,0.439,0.31,0.182,0.984,0.433,0.0,0.3,boost-immunity,difficult,26.22024667172074,61,,60,,activation-induced,False,0.0,,,False,False,,False,0.0,,False,(inferred:protein_coding),protein_coding
296,ZNF613,ENSG00000176024,Stim8hr,0.3654,2.0,context+network,0.487,0.078,0.091,0.999,0.844,0.0,0.3,suppress-inflammation,difficult,7.779799912952401,1621,,1620,,activation-induced,False,0.0,,,False,False,,False,0.0,,False,(inferred:protein_coding),protein_coding
297,INTS14,ENSG00000138614,Rest,0.3622,2.0,cytokine+polarization,0.43,0.393,0.426,0.0,0.757,0.0,0.3,mixed,difficult,6.221058135103379,810,,809,→Th1,constitutive,False,0.0,,,False,False,,False,0.0,,False,(inferred:protein_coding),protein_coding
298,THAP11,ENSG00000168286,Stim8hr,0.3548,2.0,cytokine+network,0.568,0.496,0.182,0.0,0.816,0.0,0.3,mixed,difficult,18.85555853997336,1298,,1297,,constitutive,False,0.0,,,False,False,,False,0.0,,False,(inferred:protein_coding),protein_coding
299,AKR1C3,ENSG00000196139,Rest,0.3529,2.0,cytokine+polarization,0.233,0.097,0.459,0.0,0.296,0.0,1.0,boost-immunity,novel-druggable,10.05401028741243,20,,19,→Th1,rest-specific,False,0.0,,,True,False,Structure with Ligand,False,0.0,,True,SINGLE PROTEIN,protein_coding
300,C18orf32,ENSG00000177576,Stim48hr,0.3414,2.0,cytokine+polarization,0.273,0.293,0.526,0.374,0.381,0.0,0.3,mixed,difficult,9.762583015004797,40,,39,→Th1,constitutive,False,0.0,,,False,False,,False,0.0,,False,(inferred:protein_coding),protein_coding
301,SEC23A,ENSG00000100934,Stim48hr,0.3396,2.0,cytokine+polarization,0.207,0.139,0.422,0.0,0.226,0.0,1.0,suppress-inflammation,novel-druggable,11.104423484055134,11,,10,→Th1,mixed,False,0.0,,,True,True,Structure with Ligand,False,0.0,,True,SINGLE PROTEIN,protein_coding
